index:ID,name,:LABEL
400001,郷田ほづみ,voice_actor
400002,小林真麻,voice_actor
400003,松嵜麗,voice_actor
400004,戸谷公人,voice_actor
400005,山冈ゆり,voice_actor
400006,小野イチコ,voice_actor
400007,梶原岳人,voice_actor
400008,速水奨,voice_actor
400009,MEG,voice_actor
400010,関山美沙紀,voice_actor
400011,岩田光央,voice_actor
400012,檜山修之,voice_actor
400013,百々麻子,voice_actor
400014,渡辺けあき,voice_actor
400015,原田芳雄,voice_actor
400016,田中進太郎,voice_actor
400017,卡尔洛王子,voice_actor
400018,加瀬康之,voice_actor
400019,于飞,voice_actor
400020,菊池勇成,voice_actor
400021,川田妙子,voice_actor
400022,金内吉男,voice_actor
400023,V17-降温,voice_actor
400024,竹內良太,voice_actor
400025,朝井彩加,voice_actor
400026,田中愛美,voice_actor
400027,宮崎あおい,voice_actor
400028,井上小百合（乃木坂46）,voice_actor
400029,柚木 涼香,voice_actor
400030,小松里歌,voice_actor
400031,仲野裕,voice_actor
400032,结城聪美,voice_actor
400033,竹富聖花,voice_actor
400034,伊波杏树,voice_actor
400035,土井美加,voice_actor
400036,德本恭敏,voice_actor
400037,后藤麻衣,voice_actor
400038,阿座上洋平,voice_actor
400039,森岛秀太,voice_actor
400040,飛田展男,voice_actor
400041,高城元気,voice_actor
400042,喜多村英梨、寺島拓篤,voice_actor
400043,堀川仁,voice_actor
400044,山田美穗,voice_actor
400045,礼口めぐみ,voice_actor
400046,住友优子,voice_actor
400047,中田和宏,voice_actor
400048,猪口有佳,voice_actor
400049,水田わさび,voice_actor
400050,木村亚希子,voice_actor
400051,甲斐田雪,voice_actor
400052,广濑友纪,voice_actor
400053,曽呂明日太,voice_actor
400054,仲田亞里沙,voice_actor
400055,友永朱音,voice_actor
400056,渡邉由紀,voice_actor
400057,KENN,voice_actor
400058,茜屋日海夏,voice_actor
400059,佐久间玲,voice_actor
400060,樋口日奈,voice_actor
400061,泷本富士子,voice_actor
400062,斋贺みつき,voice_actor
400063,相葉裕樹,voice_actor
400064,白木杏奈,voice_actor
400065,山口爱,voice_actor
400066,小栗旬,voice_actor
400067,古岛清孝,voice_actor
400068,泷口幸广,voice_actor
400069,ママ,voice_actor
400070,谢添天,voice_actor
400071,中國卓郎,voice_actor
400072,満仲由紀子,voice_actor
400073,下地紫野,voice_actor
400074,山口龙,voice_actor
400075,早水リサ,voice_actor
400076,松風雅也,voice_actor
400077,山口理恵,voice_actor
400078,月野萌亚,voice_actor
400079,古谷静佳,voice_actor
400080,松尾スズキ,voice_actor
400081,風吹ジュン,voice_actor
400082,平松広和,voice_actor
400083,土師孝也,voice_actor
400084,小岩井ことり,voice_actor
400085,原田瞳,voice_actor
400086,藤田咲,voice_actor
400087,岡本ヒロミツ,voice_actor
400088,山田悠希,voice_actor
400089,绪方爱香,voice_actor
400090,増谷康紀,voice_actor
400091,小出光,voice_actor
400092,辻步,voice_actor
400093,中山恵里奈,voice_actor
400094,花守ゆみり,voice_actor
400095,糸博,voice_actor
400096,種崎敦美,voice_actor
400097,りりり,voice_actor
400098,下野纮,voice_actor
400099,木川絵理子,voice_actor
400100,仲台吉一,voice_actor
400101,笙见纯,voice_actor
400102,柳沢真由美,voice_actor
400103,辻親八,voice_actor
400104,笹本優子、平川大輔,voice_actor
400105,中村千絵,voice_actor
400106,島本須美,voice_actor
400107,豊口めぐみ[丰口惠美],voice_actor
400108,真堂 圭,voice_actor
400109,茶山莉子,voice_actor
400110,拳王军,voice_actor
400111,井上瑶、松本梨香,voice_actor
400112,夏树里欧,voice_actor
400113,大原さやか,voice_actor
400114,村田あゆみ,voice_actor
400115,笹沼尭羅,voice_actor
400116,福岛润,voice_actor
400117,田中真弓,voice_actor
400118,宮林康,voice_actor
400119,樋口結美,voice_actor
400120,沙乌萨,voice_actor
400121,下田翔大,voice_actor
400122,斉藤朱夏,voice_actor
400123,渡边明乃 \u002F 宫野真守,voice_actor
400124,吉浦康裕,voice_actor
400125,イフマサカ,voice_actor
400126,山田唯菜,voice_actor
400127,铃木美咲,voice_actor
400128,笕　利夫,voice_actor
400129,绮罗,voice_actor
400130,熊井友子,voice_actor
400131,田中かほり,voice_actor
400132,高城元気、工藤晴香,voice_actor
400133,水野理纱,voice_actor
400134,櫻井孝宏,voice_actor
400135,市来光弘,voice_actor
400136,井上剛,voice_actor
400137,島村佳江,voice_actor
400138,小形満,voice_actor
400139,國澤真理子、吉永亜矢、村井さだゆき、大森貴弘、大野木寛,voice_actor
400140,浅川 悠,voice_actor
400141,中田あすみ,voice_actor
400142,芝崎典子,voice_actor
400143,前田爱,voice_actor
400144,内田秀,voice_actor
400145,深田爱衣,voice_actor
400146,遊佐浩二,voice_actor
400147,金元壽子,voice_actor
400148,中田順子,voice_actor
400149,吉岡麻耶,voice_actor
400150,Barbara Dunkelman,voice_actor
400151,磯部勉,voice_actor
400152,こじまかずこ,voice_actor
400153,前田佳织里,voice_actor
400154,原紗友里,voice_actor
400155,高乃丽,voice_actor
400156,藤村步,voice_actor
400157,中島愛,voice_actor
400158,田澤茉純,voice_actor
400159,厚木那奈美,voice_actor
400160,中山裕介,voice_actor
400161,てらそままさき,voice_actor
400162,赤尾光,voice_actor
400163,大河内雅子,voice_actor
400164,竹内栄治,voice_actor
400165,福原香织,voice_actor
400166,野岛健儿,voice_actor
400167,涉谷　茂,voice_actor
400168,坂本赖光,voice_actor
400169,多田葵,voice_actor
400170,乔诗语,voice_actor
400171,杉村 憲司,voice_actor
400172,佐藤せつじ,voice_actor
400173,宮本充,voice_actor
400174,うえだゆうじ,voice_actor
400175,高本惠,voice_actor
400176,石谷春貴,voice_actor
400177,津田匠子,voice_actor
400178,黑泽朋世,voice_actor
400179,平田宏美,voice_actor
400180,青山穣,voice_actor
400181,萩原惠美子,voice_actor
400182,比嘉久美子,voice_actor
400183,小川輝晃,voice_actor
400184,仲村秀生,voice_actor
400185,埴岡由紀子,voice_actor
400186,七杀天凌,voice_actor
400187,Jayson Thiessen，James Wootton,voice_actor
400188,上田祐司（うえだゆうじ）,voice_actor
400189,市村正亲,voice_actor
400190,大原沙耶香,voice_actor
400191,マックスウェル?パワーズ,voice_actor
400192,麻生智久,voice_actor
400193,川上慶子,voice_actor
400194,ふくまつ進紗,voice_actor
400195,百百麻子,voice_actor
400196,广桥凉,voice_actor
400197,富沢美智恵,voice_actor
400198,斋藤志郎,voice_actor
400199,桦山南,voice_actor
400200,津田美波,voice_actor
400201,森下由樹子,voice_actor
400202,宮本佳那子,voice_actor
400203,大原めぐみ,voice_actor
400204,月宫绿,voice_actor
400205,牧濑彩乃,voice_actor
400206,山崎たくみ,voice_actor
400207,長嶝高士,voice_actor
400208,坪井智浩,voice_actor
400209,莱纳?布鲁姆哈尔特,voice_actor
400210,內山昂輝,voice_actor
400211,清川元夢,voice_actor
400212,後藤邑子,voice_actor
400213,草尾毅,voice_actor
400214,和氣あず未,voice_actor
400215,小野大輔、伊藤実華,voice_actor
400216,那须めぐみ,voice_actor
400217,南杏子,voice_actor
400218,松岡禎丞,voice_actor
400219,布里德卡特·塞拉·惠美,voice_actor
400220,徳山靖彦,voice_actor
400221,莱卡特,voice_actor
400222,槐柳二,voice_actor
400223,宇都宫隆,voice_actor
400224,熊谷健太郎,voice_actor
400225,高桥智秋,voice_actor
400226,川村拓央,voice_actor
400227,真矢美纪,voice_actor
400228,鈴木弘子,voice_actor
400229,小日向茜,voice_actor
400230,下野纮\r,voice_actor
400231,沢田和子,voice_actor
400232,宮内幸平,voice_actor
400233,大本よしみち,voice_actor
400234,佐土原かおり,voice_actor
400235,平野文,voice_actor
400236,浪川大辅,voice_actor
400237,桜井智,voice_actor
400238,村濑歩,voice_actor
400239,金成珉,voice_actor
400240,小亚美,voice_actor
400241,山田栄子,voice_actor
400242,井上穗乃花,voice_actor
400243,森ひろ子,voice_actor
400244,小岛幸子,voice_actor
400245,中村繪里子,voice_actor
400246,伊藤加奈惠,voice_actor
400247,木村良平\r,voice_actor
400248,小原莉子,voice_actor
400249,四宮豪,voice_actor
400250,铁炮冢叶子,voice_actor
400251,中川翔子,voice_actor
400252,外崎大輔,voice_actor
400253,中村知子,voice_actor
400254,伊藤铃鹿,voice_actor
400255,原嶋あかり,voice_actor
400256,冬马由美,voice_actor
400257,井口祐一,voice_actor
400258,山口由里子,voice_actor
400259,黒藤結軌,voice_actor
400260,野岛昭生,voice_actor
400261,山川琴美,voice_actor
400262,玉城裕规,voice_actor
400263,高桥広树,voice_actor
400264,佐佐木诚二,voice_actor
400265,花泽 香菜,voice_actor
400266,子安武人、こおろぎさとみ,voice_actor
400267,永見はるか,voice_actor
400268,葉山翔太,voice_actor
400269,远藤璃菜,voice_actor
400270,富澤雄基,voice_actor
400271,草野千裕,voice_actor
400272,加藤修,voice_actor
400273,東城日沙子,voice_actor
400274,久保田梨沙,voice_actor
400275,竹内良太,voice_actor
400276,広瀬正志,voice_actor
400277,望木祐子,voice_actor
400278,玉木雅士,voice_actor
400279,吴小艺,voice_actor
400280,天井裏の住人,voice_actor
400281,田野アサミ,voice_actor
400282,宫崎宽务,voice_actor
400283,夏樹リオ,voice_actor
400284,伊藤秀樹、大城美幸、出合小都美、青柳宏宜、秦、安田賢司、小林孝志、鳥羽、柳屋圭宏、鈴木孝聡,voice_actor
400285,岸祐二,voice_actor
400286,津川雅彦,voice_actor
400287,水野真理子,voice_actor
400288,福島潤,voice_actor
400289,坂木静香,voice_actor
400290,佐藤智惠,voice_actor
400291,浜田贤二,voice_actor
400292,斎藤恭央、大津田裕美,voice_actor
400293,利根健太朗,voice_actor
400294,水原薰,voice_actor
400295,三森铃子,voice_actor
400296,伊藤健太郎,voice_actor
400297,中村 秀利,voice_actor
400298,川田紳司,voice_actor
400299,饭田友子,voice_actor
400300,星野充昭,voice_actor
400301,森 一马,voice_actor
400302,津村まこと,voice_actor
400303,鈴木達央,voice_actor
400304,新井里美,voice_actor
400305,佐々木望,voice_actor
400306,たてかべ和也,voice_actor
400307,賓健人,voice_actor
400308,小清水亚美,voice_actor
400309,今村彩夏,voice_actor
400310,ムラヤマ?Ｊ?サーシ,voice_actor
400311,末柄里恵,voice_actor
400312,室園丈裕,voice_actor
400313,竹達 彩奈,voice_actor
400314,荻野可鈴,voice_actor
400315,ビフ,voice_actor
400316,折笠爱,voice_actor
400317,花仓洸幸,voice_actor
400318,丹下桜,voice_actor
400319,佐藤雄大,voice_actor
400320,羽佐间道夫,voice_actor
400321,平川大辅,voice_actor
400322,宮崎寛務、相沢舞、森下由樹子,voice_actor
400323,木内秀信,voice_actor
400324,麻绩村真由子,voice_actor
400325,斋藤千和,voice_actor
400326,中岛爱,voice_actor
400327,矢崎広,voice_actor
400328,宮崎一成,voice_actor
400329,佐久間純子,voice_actor
400330,白鳥哲,voice_actor
400331,世户沙织,voice_actor
400332,三泽纱千香,voice_actor
400333,東野佑美,voice_actor
400334,苍井优,voice_actor
400335,桃河莉香,voice_actor
400336,小林由美子,voice_actor
400337,堀絢子,voice_actor
400338,石塚运昇,voice_actor
400339,森夏姫,voice_actor
400340,永井真衣,voice_actor
400341,Lindsay Jones,voice_actor
400342,丸山美紀,voice_actor
400343,尾崎文,voice_actor
400344,沼田祐介,voice_actor
400345,小俣凌雅,voice_actor
400346,小林さやか,voice_actor
400347,齐藤壮马,voice_actor
400348,折笠 富美子（折笠富美子）,voice_actor
400349,藤原祐規,voice_actor
400350,牧岛有希,voice_actor
400351,樱川惠,voice_actor
400352,樱井敏治,voice_actor
400353,轩辕靖日,voice_actor
400354,千草律子,voice_actor
400355,宫崎あおい,voice_actor
400356,酒井广大,voice_actor
400357,木下铃奈,voice_actor
400358,成瀬未亜,voice_actor
400359,中嶋聡彦,voice_actor
400360,星野宣,voice_actor
400361,松来未祐,voice_actor
400362,？？？,voice_actor
400363,後藤夕貴,voice_actor
400364,大泉　洋,voice_actor
400365,久保田民絵,voice_actor
400366,遠藤綾、May'n,voice_actor
400367,川瀬晶子、芝原チヤコ,voice_actor
400368,Arryn Zech,voice_actor
400369,宝亀克寿,voice_actor
400370,满仲由纪子,voice_actor
400371,栗田贯一,voice_actor
400372,早見沙織,voice_actor
400373,绫濑有,voice_actor
400374,一城みゆ希,voice_actor
400375,天崎滉平,voice_actor
400376,潘めぐみ,voice_actor
400377,坂井すみ江,voice_actor
400378,松山鷹志,voice_actor
400379,伊藤美紀,voice_actor
400380,岩坪理江,voice_actor
400381,磯村知美,voice_actor
400382,ダルシム,voice_actor
400383,豊口惠,voice_actor
400384,山田美穂,voice_actor
400385,根本流風,voice_actor
400386,岛香裕,voice_actor
400387,乡里大浦,voice_actor
400388,朴璐美,voice_actor
400389,饭田利信,voice_actor
400390,佐藤あずさ,voice_actor
400391,矢島晶子,voice_actor
400392,水沢史绘,voice_actor
400393,宫本 充,voice_actor
400394,置鮎龙太郎,voice_actor
400395,小野大輔,voice_actor
400396,井上优,voice_actor
400397,巽悠衣子,voice_actor
400398,长岛光那,voice_actor
400399,近藤隆,voice_actor
400400,成濑未亚,voice_actor
400401,石川由依,voice_actor
400402,白石涼子、梶裕貴,voice_actor
400403,佐佐木祐子,voice_actor
400404,酒瀬川真世,voice_actor
400405,山本亚衣,voice_actor
400406,杉田智和、佐藤利奈,voice_actor
400407,篠田南,voice_actor
400408,矢島悠子,voice_actor
400409,徳石勝大,voice_actor
400410,仙台エリ,voice_actor
400411,幸田夢波,voice_actor
400412,富泽美智惠,voice_actor
400413,笹島かほる,voice_actor
400414,佐藤ゆうこ,voice_actor
400415,相羽爱奈,voice_actor
400416,並木のり子,voice_actor
400417,ゆかな、中村悠一,voice_actor
400418,畠山航輔,voice_actor
400419,桜庭ななみ,voice_actor
400420,胜生真沙子,voice_actor
400421,目黒裕一,voice_actor
400422,三浦祥朗,voice_actor
400423,村濑步,voice_actor
400424,近江知永,voice_actor
400425,赵洋,voice_actor
400426,冲野晃司,voice_actor
400427,冰上恭子,voice_actor
400428,水森志寿香,voice_actor
400429,渡辺友裕,voice_actor
400430,内山昂辉,voice_actor
400431,丸田麻里,voice_actor
400432,麦人,voice_actor
400433,小原乃梨子,voice_actor
400434,佐佐木るん,voice_actor
400435,川岛美菜子,voice_actor
400436,田村奈央,voice_actor
400437,大久保瑠美,voice_actor
400438,野川さくら,voice_actor
400439,伊藤悠翔,voice_actor
400440,富泽风斗,voice_actor
400441,中岛聪彦,voice_actor
400442,鈴木富子,voice_actor
400443,进藤尚美,voice_actor
400444,樱庭奈奈美,voice_actor
400445,桑島法子、川上とも子,voice_actor
400446,末柄里恵、高橋未奈美、藤井ゆきよ,voice_actor
400447,榊原良子,voice_actor
400448,与那岭里都,voice_actor
400449,ジュガン?マインストロン,voice_actor
400450,八代骏,voice_actor
400451,納谷悟朗,voice_actor
400452,山田浩贵,voice_actor
400453,沈达威,voice_actor
400454,渕崎ゆり子、うえだゆうじ,voice_actor
400455,岩井映美里,voice_actor
400456,かないみか、伊瀬茉莉也,voice_actor
400457,丹沢晃之,voice_actor
400458,樱咲千依,voice_actor
400459,佐藤悠里,voice_actor
400460,梅垣义明,voice_actor
400461,橘田いずみ,voice_actor
400462,川浪叶子,voice_actor
400463,北川里奈,voice_actor
400464,結名 美月,voice_actor
400465,渡部優衣,voice_actor
400466,筒井絵理奈,voice_actor
400467,升望,voice_actor
400468,丹下樱,voice_actor
400469,古贺葵,voice_actor
400470,白鸟由里,voice_actor
400471,铃木爱奈,voice_actor
400472,沢城みゆき、中野裕斗,voice_actor
400473,村田太志,voice_actor
400474,小橋達也,voice_actor
400475,金丸淳一,voice_actor
400476,徳井青空,voice_actor
400477,泽城美雪、齐藤壮马,voice_actor
400478,平賀三恵,voice_actor
400479,杉田智和,voice_actor
400480,日高里菜,voice_actor
400481,甲斐田幸,voice_actor
400482,种田梨沙,voice_actor
400483,岭内知美,voice_actor
400484,V17-优优、小巫、V17-澜酱、赵筱峥,voice_actor
400485,須藤祐実,voice_actor
400486,小山刚志,voice_actor
400487,松本彩乃,voice_actor
400488,杨天翔,voice_actor
400489,森本レオ,voice_actor
400490,井上真树夫,voice_actor
400491,斋贺光希,voice_actor
400492,村井理沙子,voice_actor
400493,下野紘、佐藤恵,voice_actor
400494,豊嶋真千子,voice_actor
400495,本多知恵子,voice_actor
400496,カシワクラツトム,voice_actor
400497,野上ゆかな,voice_actor
400498,小忻,voice_actor
400499,熊田茜音,voice_actor
400500,千千松幸子,voice_actor
400501,山内雅人,voice_actor
400502,佐藤亜美菜,voice_actor
400503,平田真菜,voice_actor
400504,小見川千明,voice_actor
400505,田口香织,voice_actor
400506,吉本泰洋,voice_actor
400507,内藤玲,voice_actor
400508,佐藤晴男,voice_actor
400509,大山羡代,voice_actor
400510,藤田淑子,voice_actor
400511,小鳥居夕花,voice_actor
400512,川鍋雅樹,voice_actor
400513,荒川千香,voice_actor
400514,间宫胡桃,voice_actor
400515,樱井透,voice_actor
400516,阿部寛,voice_actor
400517,鹰森淑乃,voice_actor
400518,斎藤桃子,voice_actor
400519,楢桥美纪,voice_actor
400520,仲里依紗,voice_actor
400521,廣田詩夢,voice_actor
400522,前田剛,voice_actor
400523,和田雅成,voice_actor
400524,木村はるか、日野聡,voice_actor
400525,安濟知佳,voice_actor
400526,間島淳司,voice_actor
400527,久野美咲,voice_actor
400528,川津泰彥,voice_actor
400529,森功至,voice_actor
400530,石见舞菜香,voice_actor
400531,小室正幸,voice_actor
400532,川島得愛,voice_actor
400533,西田望见,voice_actor
400534,莱因哈特·冯·罗严克拉姆,voice_actor
400535,吉永拓斗,voice_actor
400536,納谷六朗,voice_actor
400537,田邉真吾,voice_actor
400538,高桥直纯,voice_actor
400539,高仓有加,voice_actor
400540,川庄美雪,voice_actor
400541,藤田昌代,voice_actor
400542,芳野由奈,voice_actor
400543,?,voice_actor
400544,杨鸥,voice_actor
400545,鶴ひろみ,voice_actor
400546,铃木崚汰,voice_actor
400547,小堀幸,voice_actor
400548,赤羽根健治,voice_actor
400549,小清水亞美,voice_actor
400550,佐藤亚美菜,voice_actor
400551,东地宏树,voice_actor
400552,桜井敏治,voice_actor
400553,かわのをとや,voice_actor
400554,长妻树里,voice_actor
400555,格蕾丝·奥康纳,voice_actor
400556,松田健一郎,voice_actor
400557,小林爱香,voice_actor
400558,平ますみ,voice_actor
400559,渡辺明乃,voice_actor
400560,阿部里果,voice_actor
400561,仁後真耶子,voice_actor
400562,小林修,voice_actor
400563,岛晶子矢,voice_actor
400564,鈴木美園,voice_actor
400565,田村由香里,voice_actor
400566,里咲芽生,voice_actor
400567,茅原実里,voice_actor
400568,内田优加,voice_actor
400569,日野聪,voice_actor
400570,上田麗奈,voice_actor
400571,一色まゆ,voice_actor
400572,川古昇平,voice_actor
400573,黒葛原未有,voice_actor
400574,加藤真央,voice_actor
400575,朝树里沙,voice_actor
400576,林鼓子,voice_actor
400577,櫻井孝宏\r,voice_actor
400578,矢野优美华,voice_actor
400579,吉野裕行,voice_actor
400580,罗伯特?沃尔森,voice_actor
400581,三木眞一郎,voice_actor
400582,山県さとみ,voice_actor
400583,田口宏子,voice_actor
400584,池田千草,voice_actor
400585,须藤祐実,voice_actor
400586,山崎エリイ,voice_actor
400587,大穀育江,voice_actor
400588,青野武,voice_actor
400589,西原翔吾,voice_actor
400590,長弘翔子,voice_actor
400591,福山潤、東野里加,voice_actor
400592,山田荣子,voice_actor
400593,長嶋はるか,voice_actor
400594,矢作紗友里,voice_actor
400595,笠原留美,voice_actor
400596,和田彩花,voice_actor
400597,池田恭祐,voice_actor
400598,今川碧海,voice_actor
400599,勝杏里,voice_actor
400600,内海贤二,voice_actor
400601,高野菜々,voice_actor
400602,高柳知叶,voice_actor
400603,木户昌宏,voice_actor
400604,日岡なつみ,voice_actor
400605,多田このみ,voice_actor
400606,細見大輔,voice_actor
400607,福山 润,voice_actor
400608,太田貴子,voice_actor
400609,小西大树,voice_actor
400610,久保ユリカ,voice_actor
400611,豊後敦子,voice_actor
400612,大原崇,voice_actor
400613,私市淳 \u002F 安田美和,voice_actor
400614,饭田里穗,voice_actor
400615,稲葉実,voice_actor
400616,滨口优,voice_actor
400617,塩屋浩三　,voice_actor
400618,矢野奖吾,voice_actor
400619,小山茉美,voice_actor
400620,大塚芳忠,voice_actor
400621,大亀あすか,voice_actor
400622,寺杣昌纪,voice_actor
400623,笹川亚矢奈,voice_actor
400624,宮崎寛務,voice_actor
400625,半場友恵,voice_actor
400626,浅上エリ,voice_actor
400627,岡田 恵,voice_actor
400628,张英善,voice_actor
400629,饭冢麻结,voice_actor
400630,加藤奈奈绘,voice_actor
400631,鬼头典子,voice_actor
400632,飞田展男,voice_actor
400633,V17-醋醋,voice_actor
400634,山崎はるか,voice_actor
400635,高島雅羅,voice_actor
400636,中山さら,voice_actor
400637,菊地由美,voice_actor
400638,园部启一,voice_actor
400639,西崎莉麻,voice_actor
400640,浅川悠,voice_actor
400641,摩可那,voice_actor
400642,水落幸子,voice_actor
400643,芹野恵子,voice_actor
400644,织田优成,voice_actor
400645,本田,voice_actor
400646,飯島真理,voice_actor
400647,川上伦子,voice_actor
400648,田所梓,voice_actor
400649,荒木香衣,voice_actor
400650,真山明大,voice_actor
400651,佐佐木启夫,voice_actor
400652,寺崎裕香,voice_actor
400653,森永千才,voice_actor
400654,岩男润子,voice_actor
400655,又吉愛,voice_actor
400656,小P?改,voice_actor
400657,赫尔穆特·连列坎普,voice_actor
400658,寺川爱美,voice_actor
400659,スチュアート?ロビンソン,voice_actor
400660,鈴木れい子,voice_actor
400661,たけだまりこ,voice_actor
400662,石森達幸,voice_actor
400663,吉田聖子,voice_actor
400664,诹访七香,voice_actor
400665,三宅晴佳,voice_actor
400666,富田美憂,voice_actor
400667,福田芽衣,voice_actor
400668,蓮岳大,voice_actor
400669,櫻井孝宏、諏訪彩花,voice_actor
400670,南里侑香,voice_actor
400671,池澤春菜,voice_actor
400672,小野贤章,voice_actor
400673,宫崎游,voice_actor
400674,浜添伸也,voice_actor
400675,內田雄馬,voice_actor
400676,諸星すみれ,voice_actor
400677,七緒はるひ,voice_actor
400678,髙坂篤志,voice_actor
400679,藤吉晴美,voice_actor
400680,苍田实纱子,voice_actor
400681,kkryu,voice_actor
400682,池田知聡、坂口賢一,voice_actor
400683,榎木淳弥,voice_actor
400684,福島雅実,voice_actor
400685,勝沼紀義,voice_actor
400686,久嶋志帆,voice_actor
400687,工藤晴香、島﨑信長,voice_actor
400688,雪野五月,voice_actor
400689,丸冢香奈,voice_actor
400690,野島昭生,voice_actor
400691,有馬瑞香,voice_actor
400692,緒方賢一,voice_actor
400693,沟口琢矢,voice_actor
400694,笹沼尧罗,voice_actor
400695,伊藤靜,voice_actor
400696,萩原聖人,voice_actor
400697,原涼子,voice_actor
400698,诸星堇,voice_actor
400699,MAKO,voice_actor
400700,小野友樹,voice_actor
400701,白石涼子,voice_actor
400702,中村太亮,voice_actor
400703,大友龙三郎,voice_actor
400704,加藤奈々絵（加藤奈奈绘）,voice_actor
400705,稻田,voice_actor
400706,金野恵子,voice_actor
400707,冰青,voice_actor
400708,平井啓二,voice_actor
400709,平間樹里,voice_actor
400710,家中宏,voice_actor
400711,大森日雅,voice_actor
400712,松元環季,voice_actor
400713,国井咲也,voice_actor
400714,丸江俊也,voice_actor
400715,北泽力,voice_actor
400716,渡边久美子,voice_actor
400717,甲斐田ゆき,voice_actor
400718,矶村知美,voice_actor
400719,福圆美里,voice_actor
400720,铃木惠子,voice_actor
400721,岩男潤子,voice_actor
400722,相羽あいな,voice_actor
400723,小山剛志,voice_actor
400724,柳田淳一,voice_actor
400725,山口太郎,voice_actor
400726,松本忍,voice_actor
400727,原えりこ,voice_actor
400728,佐藤健辅,voice_actor
400729,若宫 惠,voice_actor
400730,大塚刚央,voice_actor
400731,高山みなみ,voice_actor
400732,游佐浩二,voice_actor
400733,难波圭一,voice_actor
400734,井元由香,voice_actor
400735,岩永哲哉,voice_actor
400736,内匠靖明,voice_actor
400737,甲斐田裕子,voice_actor
400738,鸣海杏子,voice_actor
400739,藤井佳代子,voice_actor
400740,相沢恵子,voice_actor
400741,佐久間紅美,voice_actor
400742,植竹香菜,voice_actor
400743,斎藤工,voice_actor
400744,渡边明乃,voice_actor
400745,小泽亚李,voice_actor
400746,吉冈茉佑,voice_actor
400747,須藤絵里花,voice_actor
400748,石田太郎,voice_actor
400749,橋詰知久,voice_actor
400750,近藤 隆,voice_actor
400751,生田善子,voice_actor
400752,栗林みな実,voice_actor
400753,M·A·O,voice_actor
400754,东山麻美,voice_actor
400755,myco,voice_actor
400756,竹村拓,voice_actor
400757,有川博,voice_actor
400758,何志威,voice_actor
400759,井口裕香,voice_actor
400760,高梨谦吾,voice_actor
400761,狩野茉莉,voice_actor
400762,爱河里花子,voice_actor
400763,宫崎羽衣,voice_actor
400764,金井美香、櫻井孝宏,voice_actor
400765,石井孝英,voice_actor
400766,佐久间红美,voice_actor
400767,户谷公人,voice_actor
400768,杉本沙织,voice_actor
400769,谷尻まりあ,voice_actor
400770,太田哲治,voice_actor
400771,和气杏未,voice_actor
400772,赤﨑千夏,voice_actor
400773,西松和彦,voice_actor
400774,星野 充昭,voice_actor
400775,柿沼紫乃,voice_actor
400776,神谷浩史、斎藤千和,voice_actor
400777,竹達彩奈,voice_actor
400778,沼仓爱美,voice_actor
400779,小林桂子,voice_actor
400780,银河 万丈,voice_actor
400781,後藤哲夫,voice_actor
400782,綾瀬はるか,voice_actor
400783,金澤まい,voice_actor
400784,宫林康,voice_actor
400785,楠田亚衣奈,voice_actor
400786,户田惠,voice_actor
400787,井上遥乃,voice_actor
400788,冈本麻见,voice_actor
400789,增冈弘,voice_actor
400790,丘步子,voice_actor
400791,白石稔,voice_actor
400792,佩琳·克洛斯特曼,voice_actor
400793,松本さち,voice_actor
400794,稻村优奈,voice_actor
400795,平野綾,voice_actor
400796,小牧郁乃,voice_actor
400797,陣谷遥,voice_actor
400798,加藤英美里,voice_actor
400799,山戸めぐみ,voice_actor
400800,嘉人,voice_actor
400801,べんぴねこ,voice_actor
400802,藤原启治,voice_actor
400803,前田玲奈,voice_actor
400804,三桥加奈子,voice_actor
400805,野川樱,voice_actor
400806,松野太纪,voice_actor
400807,佳村遥,voice_actor
400808,ヘフェリン アレクサンドラ,voice_actor
400809,柚木涼香,voice_actor
400810,内山昂輝,voice_actor
400811,小市眞琴,voice_actor
400812,内村史子,voice_actor
400813,桐本琢也,voice_actor
400814,Paul Mercier,voice_actor
400815,小建,voice_actor
400816,喜屋武七绪,voice_actor
400817,杉山大,voice_actor
400818,影山灯,voice_actor
400819,落合美穂,voice_actor
400820,品川徹,voice_actor
400821,丰永利行,voice_actor
400822,宫野恭子,voice_actor
400823,小泽雅子,voice_actor
400824,柚木凉香,voice_actor
400825,日高法子,voice_actor
400826,高橋杏奈,voice_actor
400827,山本圭子,voice_actor
400828,西本梨美,voice_actor
400829,槙口みき,voice_actor
400830,由加奈,voice_actor
400831,鳥海勝美,voice_actor
400832,新名彩乃,voice_actor
400833,小林通孝,voice_actor
400834,中原茂,voice_actor
400835,斉藤貴美子,voice_actor
400836,菅原慎介,voice_actor
400837,关俊彦,voice_actor
400838,中島裕美子,voice_actor
400839,西村朋紘,voice_actor
400840,醋醋,voice_actor
400841,青木沙耶香,voice_actor
400842,小野友树 \u002F 大地叶,voice_actor
400843,齐藤贵美子,voice_actor
400844,船越英一郎,voice_actor
400845,夏川椎菜,voice_actor
400846,青木诚,voice_actor
400847,岸野幸正,voice_actor
400848,ピコ太郎,voice_actor
400849,岛本须美,voice_actor
400850,北村弘一,voice_actor
400851,佐佐木优子,voice_actor
400852,井泽美香子,voice_actor
400853,むたあきこ,voice_actor
400854,三森鈴子,voice_actor
400855,后藤沙绪里,voice_actor
400856,山崎功,voice_actor
400857,加藤正之,voice_actor
400858,龍田直樹,voice_actor
400859,乡田ほづみ,voice_actor
400860,神坂和,voice_actor
400861,赤头巾、野ばら姫、シンデレラ、妖精、ばら红、ナレーション,voice_actor
400862,半场友惠,voice_actor
400863,Roger Craig Smith，Mike Pollock，Colleen Villard，Cindy Robinson，Travis Willinghan，Nika Futterman,voice_actor
400864,水桥香织,voice_actor
400865,保志总一朗,voice_actor
400866,山下大辉,voice_actor
400867,真堂圭,voice_actor
400868,諏訪部順一,voice_actor
400869,大谷九郎,voice_actor
400870,南條愛乃,voice_actor
400871,叶山郁美,voice_actor
400872,高塚智人,voice_actor
400873,小林优子,voice_actor
400874,高桥广树,voice_actor
400875,小平有希,voice_actor
400876,横田紘一,voice_actor
400877,鈴森勘司,voice_actor
400878,高橋直純,voice_actor
400879,源静香,voice_actor
400880,小形满,voice_actor
400881,結下みちる,voice_actor
400882,福田花音,voice_actor
400883,高濑右光,voice_actor
400884,玉川紗己子,voice_actor
400885,カンザキカナリ,voice_actor
400886,大原惠美,voice_actor
400887,犬山イヌコ,voice_actor
400888,関智一、岡村明美,voice_actor
400889,福原綾香,voice_actor
400890,佐藤祐吾,voice_actor
400891,太田将熙,voice_actor
400892,佐藤永典,voice_actor
400893,玄田哲章,voice_actor
400894,田坂秀樹,voice_actor
400895,齐藤朱夏,voice_actor
400896,井上夏葉,voice_actor
400897,楠見尚己,voice_actor
400898,谢添天、柯暮卿、小忻,voice_actor
400899,诹访彩花,voice_actor
400900,泷泽久美子,voice_actor
400901,野上由加奈,voice_actor
400902,関貴昭,voice_actor
400903,庄子裕衣,voice_actor
400904,高岛雅罗,voice_actor
400905,峰岸由香里,voice_actor
400906,浅野麻由美,voice_actor
400907,堺雅人,voice_actor
400908,阿部敦,voice_actor
400909,冯骏骅,voice_actor
400910,渡边纮,voice_actor
400911,下村実生,voice_actor
400912,Lynn,voice_actor
400913,吉井一穂,voice_actor
400914,木户衣吹,voice_actor
400915,千叶一伸,voice_actor
400916,海保 えりか,voice_actor
400917,小山裕香,voice_actor
400918,高岡瓶々,voice_actor
400919,李涵菲 \u002F 刘杰,voice_actor
400920,熊井统子,voice_actor
400921,桃野春菜,voice_actor
400922,おばぁ,voice_actor
400923,矢田稔,voice_actor
400924,堀内賢雄、太田哲治,voice_actor
400925,M?A?O,voice_actor
400926,堀川りょう,voice_actor
400927,佐藤梓,voice_actor
400928,樱木章人,voice_actor
400929,亀井淳,voice_actor
400930,芝原チヤコ,voice_actor
400931,石原壮马,voice_actor
400932,民安智惠,voice_actor
400933,伊藤歩,voice_actor
400934,堀川亮,voice_actor
400935,大原桃子,voice_actor
400936,芹澤優,voice_actor
400937,江森浩子,voice_actor
400938,石毛佐和,voice_actor
400939,山口立花子,voice_actor
400940,早见沙织,voice_actor
400941,花村怜美,voice_actor
400942,古川登志夫,voice_actor
400943,永岛由子,voice_actor
400944,川上とも子,voice_actor
400945,中原麻衣\u002F周文瑛,voice_actor
400946,西田雅一,voice_actor
400947,喜山茂雄,voice_actor
400948,ニーコ,voice_actor
400949,石原夏織,voice_actor
400950,梶裕贵\r,voice_actor
400951,鲁路修·兰佩路基,voice_actor
400952,小幡真裕,voice_actor
400953,加藤有生子,voice_actor
400954,水濑祈,voice_actor
400955,岛崎信长,voice_actor
400956,立花慎之介,voice_actor
400957,野岛裕史,voice_actor
400958,高野慎平,voice_actor
400959,岩崎可苗,voice_actor
400960,KONTA,voice_actor
400961,三宅麻理惠,voice_actor
400962,MARIO,voice_actor
400963,吉田有里,voice_actor
400964,竹中直人,voice_actor
400965,萩原あみ,voice_actor
400966,峰あつ子,voice_actor
400967,久川綾,voice_actor
400968,鸟井秋,voice_actor
400969,安达忍,voice_actor
400970,伊东健人,voice_actor
400971,木村昴,voice_actor
400972,岸尾大介,voice_actor
400973,堀江美都子,voice_actor
400974,冈咲美保,voice_actor
400975,白熊宽嗣,voice_actor
400976,みなみ,voice_actor
400977,荻原秀樹,voice_actor
400978,村瀬 迪与（村濑迪与）,voice_actor
400979,関智一,voice_actor
400980,哔子,voice_actor
400981,小林爱。,voice_actor
400982,野村道子,voice_actor
400983,塩野アンリ,voice_actor
400984,小林美晴,voice_actor
400985,川崎琴,voice_actor
400986,相良茉优,voice_actor
400987,伏見はる香,voice_actor
400988,高田初美,voice_actor
400989,泽海阳子,voice_actor
400990,设乐麻美,voice_actor
400991,小松幸江,voice_actor
400992,羽多野涉\r,voice_actor
400993,水田山葵,voice_actor
400994,林美秀,voice_actor
400995,猫、化け物,voice_actor
400996,千菅春香、森田成一,voice_actor
400997,户松遥,voice_actor
400998,大久保蓝子,voice_actor
400999,铃置洋孝,voice_actor
401000,冢田正昭,voice_actor
401001,小宮和枝,voice_actor
401002,石母田史朗,voice_actor
401003,麦罗拉,voice_actor
401004,石川,voice_actor
401005,中岛沙树,voice_actor
401006,柴本浩行,voice_actor
401007,筱原惠美,voice_actor
401008,江川央生,voice_actor
401009,梅甘卡瓦纳,voice_actor
401010,树庆藏,voice_actor
401011,田所あずさ,voice_actor
401012,小西克幸,voice_actor
401013,志村知幸,voice_actor
401014,ゆきのさつき \u002F 铃木达央,voice_actor
401015,伊月ゆい,voice_actor
401016,佐藤聡美,voice_actor
401017,山路和弘,voice_actor
401018,穀山紀章,voice_actor
401019,原田梨紅,voice_actor
401020,河合春华,voice_actor
401021,津田寛治,voice_actor
401022,小山力也,voice_actor
401023,警官,voice_actor
401024,畠中祐,voice_actor
401025,リリー?フランキー,voice_actor
401026,佐藤なる美,voice_actor
401027,古川由利奈,voice_actor
401028,富永美衣奈,voice_actor
401029,森嶋秀太,voice_actor
401030,株元英彰,voice_actor
401031,宮原永海,voice_actor
401032,小手伸也,voice_actor
401033,山口胜平,voice_actor
401034,グレーテル,voice_actor
401035,森沢芙美,voice_actor
401036,原优子,voice_actor
401037,木村圆,voice_actor
401038,中田譲治、斎藤千和,voice_actor
401039,高橋広樹,voice_actor
401040,日野由利加,voice_actor
401041,鸣海绘里香,voice_actor
401042,樱庭有纱,voice_actor
401043,金子誠,voice_actor
401044,大西健晴,voice_actor
401045,水野麻里絵,voice_actor
401046,永冢拓马,voice_actor
401047,近藤玲奈,voice_actor
401048,緑川ゆき,voice_actor
401049,羽染达也,voice_actor
401050,小林優,voice_actor
401051,松元恵 \u002F 岛﨑信长,voice_actor
401052,鹤野恭子,voice_actor
401053,村瀬迪与,voice_actor
401054,永田亮子,voice_actor
401055,永野爱理,voice_actor
401056,山口勝平、愛河里花子,voice_actor
401057,广瀬大介,voice_actor
401058,志垣太郎,voice_actor
401059,伊藤容次,voice_actor
401060,藤村歩,voice_actor
401061,五十嵐浩子,voice_actor
401062,饭冢雅弓,voice_actor
401063,千叶千惠巳,voice_actor
401064,Laura Bailey,voice_actor
401065,黑田崇矢,voice_actor
401066,新山志保,voice_actor
401067,山本兼平,voice_actor
401068,爱美,voice_actor
401069,熊渕卓,voice_actor
401070,小林ゆう,voice_actor
401071,楠木灯,voice_actor
401072,佐藤友啓,voice_actor
401073,钉宫理惠,voice_actor
401074,林原めぐみ、京田尚子,voice_actor
401075,諸星すみれ、藤村歩,voice_actor
401076,秋谷智子,voice_actor
401077,斋藤恭央,voice_actor
401078,三宅淳一,voice_actor
401079,桂玲子,voice_actor
401080,荻尾みどり,voice_actor
401081,日笠陽子,voice_actor
401082,石原壮馬,voice_actor
401083,逢坂良太、浜崎奈々,voice_actor
401084,堀內賢雄,voice_actor
401085,稻田徹,voice_actor
401086,五十嵐裕美,voice_actor
401087,清水理沙,voice_actor
401088,玉川砂記子,voice_actor
401089,井ノ上 奈々,voice_actor
401090,桙\u002Fa\u003E|裕贵,voice_actor
401091,喜多村英梨、朴璐美,voice_actor
401092,Kimberly Brooks \u002F Rhys Darby \u002F 乔什·基顿 \u002F 泰勒·莱伯恩 \u002F 杰里米·沙达 \u002F 贝克斯·泰勒-克劳斯 \u002F 史蒂文·元,voice_actor
401093,清川元梦,voice_actor
401094,清水彩香,voice_actor
401095,持月玲依,voice_actor
401096,宫野真守,voice_actor
401097,兵藤まこ,voice_actor
401098,能登有沙,voice_actor
401099,片岡あづさ,voice_actor
401100,永久勲雄,voice_actor
401101,千菅春香,voice_actor
401102,田中正彦,voice_actor
401103,池泽春菜,voice_actor
401104,佐佐木瑶子,voice_actor
401105,山岡ゆり,voice_actor
401106,石丸博也,voice_actor
401107,中村悠一、小澤亜李,voice_actor
401108,三橋加奈子,voice_actor
401109,铃木绘理,voice_actor
401110,桜咲千依,voice_actor
401111,野中 蓝,voice_actor
401112,熊井統子,voice_actor
401113,間島淳司、寺崎裕香,voice_actor
401114,安藤麻吹,voice_actor
401115,西川幾雄,voice_actor
401116,松风雅也,voice_actor
401117,逢坂秀实,voice_actor
401118,刘婧荦,voice_actor
401119,高桥未奈美,voice_actor
401120,图特哈蒙,voice_actor
401121,咲野俊介、檀臣幸,voice_actor
401122,相沢まさき,voice_actor
401123,小出ひかる,voice_actor
401124,山崎广美,voice_actor
401125,原纱友里,voice_actor
401126,林原めぐみ、さとうあい,voice_actor
401127,三浦理恵子,voice_actor
401128,野上翔,voice_actor
401129,滝雅也,voice_actor
401130,島﨑信長、松元恵,voice_actor
401131,濱健人,voice_actor
401132,高橋理恵子,voice_actor
401133,松冈洋子,voice_actor
401134,滝田樹里,voice_actor
401135,遠藤ゆりか,voice_actor
401136,井澤詩織,voice_actor
401137,水谷优子,voice_actor
401138,水树奈々,voice_actor
401139,千叶翔也,voice_actor
401140,宫村优子,voice_actor
401141,土师孝也,voice_actor
401142,下田麻美,voice_actor
401143,川田绅司,voice_actor
401144,浅井清己,voice_actor
401145,成田剣,voice_actor
401146,平野文、久川綾、小林优,voice_actor
401147,津田健次郎、矢澤喜代美,voice_actor
401148,春名 風花,voice_actor
401149,Kaitlin Olson,voice_actor
401150,土谷麻貴,voice_actor
401151,中村秀利,voice_actor
401152,矢崎滋,voice_actor
401153,大冢芳忠,voice_actor
401154,近藤唯,voice_actor
401155,大森玲子,voice_actor
401156,多田野曜平,voice_actor
401157,藤原貴弘,voice_actor
401158,不详,voice_actor
401159,小野涼子,voice_actor
401160,佐藤未帆,voice_actor
401161,Tom Kenny,voice_actor
401162,井上雄貴,voice_actor
401163,别府太郎,voice_actor
401164,ポルタ,voice_actor
401165,大畑伸太郎,voice_actor
401166,牧老师,voice_actor
401167,上戸彩,voice_actor
401168,伊卡洛斯,voice_actor
401169,森永理科,voice_actor
401170,山下七海,voice_actor
401171,堀勝之祐,voice_actor
401172,谷花音,voice_actor
401173,桑雷德,voice_actor
401174,井泽诗织,voice_actor
401175,代永翼 \u002F 佐藤聪美,voice_actor
401176,大橋彩香,voice_actor
401177,木村千咲,voice_actor
401178,桥本晃一,voice_actor
401179,岩田龍門,voice_actor
401180,稲村優奈,voice_actor
401181,石原慎一,voice_actor
401182,渡边菜生子,voice_actor
401183,山本希望,voice_actor
401184,樺山ミナミ,voice_actor
401185,·并木のり子,voice_actor
401186,酒巻光宏,voice_actor
401187,斋藤桃子,voice_actor
401188,上別府仁資,voice_actor
401189,高垣彩陽,voice_actor
401190,朗斯贝里·亚瑟,voice_actor
401191,髙木俊,voice_actor
401192,金田晶,voice_actor
401193,鮭延未可,voice_actor
401194,高橋春香,voice_actor
401195,宮澤 正,voice_actor
401196,碰子,voice_actor
401197,矢尾一树,voice_actor
401198,恒松あゆみ,voice_actor
401199,高冈瓶瓶,voice_actor
401200,后藤启介,voice_actor
401201,田中晶子、神谷浩史,voice_actor
401202,笹本優子、大塚友稀,voice_actor
401203,田村睦心,voice_actor
401204,くまいもとこ,voice_actor
401205,福士诚治,voice_actor
401206,チョー,voice_actor
401207,后藤哲夫,voice_actor
401208,水島裕,voice_actor
401209,立壁和也,voice_actor
401210,樱あず,voice_actor
401211,志村禎雄,voice_actor
401212,寺島拓篤,voice_actor
401213,横山智佐,voice_actor
401214,くじら,voice_actor
401215,铃木木乃美,voice_actor
401216,小野賢章,voice_actor
401217,伊达朱里纱,voice_actor
401218,铃木实里,voice_actor
401219,工藤夕贵,voice_actor
401220,岡田純子,voice_actor
401221,下鶴直幸,voice_actor
401222,ラサール石井,voice_actor
401223,冈村明美,voice_actor
401224,七濑彩夏,voice_actor
401225,高尾奏音,voice_actor
401226,中島愛、松浦愛弓,voice_actor
401227,小野大輔、大原桃子,voice_actor
401228,山村响,voice_actor
401229,黒沢ともよ,voice_actor
401230,茵蒂克斯,voice_actor
401231,伊藤美来,voice_actor
401232,Monica Rial,voice_actor
401233,藤井美波,voice_actor
401234,水野理紗,voice_actor
401235,正木郁,voice_actor
401236,松冈由,voice_actor
401237,牧野由依,voice_actor
401238,多田此乃美,voice_actor
401239,安原义人,voice_actor
401240,興津和幸,voice_actor
401241,いのくちゆか,voice_actor
401242,赵路,voice_actor
401243,岡嶋妙,voice_actor
401244,河本邦弘,voice_actor
401245,浅野まゆみ,voice_actor
401246,巴奎依,voice_actor
401247,三泽纱千香、羽多野涉,voice_actor
401248,石田晴香,voice_actor
401249,桑島法子,voice_actor
401250,野田順子,voice_actor
401251,安里勇哉,voice_actor
401252,鳥海浩輔,voice_actor
401253,村中知,voice_actor
401254,赵乾景,voice_actor
401255,重松朋,voice_actor
401256,岡本麻弥,voice_actor
401257,骨川小夫,voice_actor
401258,神田朱未,voice_actor
401259,梅津秀行,voice_actor
401260,樱井彻,voice_actor
401261,荻野晴朗、山下誠一郎,voice_actor
401262,后藤邑子,voice_actor
401263,麻仓桃,voice_actor
401264,葛西,voice_actor
401265,落合福嗣,voice_actor
401266,Machico,voice_actor
401267,下和田裕贵,voice_actor
401268,佐々木李子,voice_actor
401269,佐佐木望,voice_actor
401270,關智一,voice_actor
401271,安井邦彦,voice_actor
401272,高田由美,voice_actor
401273,斎藤楓子,voice_actor
401274,古澤徹,voice_actor
401275,佐々木瑶子,voice_actor
401276,儀武ゆう子,voice_actor
401277,金子有希,voice_actor
401278,成仁兴,voice_actor
401279,藤咲かおり,voice_actor
401280,緒方恵美、中原茂,voice_actor
401281,渡部惠子,voice_actor
401282,中尾明庆,voice_actor
401283,葉月絵理乃,voice_actor
401284,津田美波、梶裕貴,voice_actor
401285,鈴木崚汰,voice_actor
401286,金田秋,voice_actor
401287,立野香菜子,voice_actor
401288,谷山紀章、新田恵海,voice_actor
401289,龟井芳子,voice_actor
401290,常盘ひろ子,voice_actor
401291,川滨拓马,voice_actor
401292,金井美香、伊瀬茉莉也,voice_actor
401293,西墻由香,voice_actor
401294,小林范雄,voice_actor
401295,まきいづみ,voice_actor
401296,真山亞子,voice_actor
401297,森功至、古川登志夫（第10～14集）,voice_actor
401298,松村沙友理,voice_actor
401299,鎌苅健太,voice_actor
401300,伊藤実华,voice_actor
401301,松田洋治,voice_actor
401302,伊東絵実,voice_actor
401303,天野博之,voice_actor
401304,戸松 遥,voice_actor
401305,力丸乃りこ,voice_actor
401306,八島さらら,voice_actor
401307,真田朱音,voice_actor
401308,上田のりこ,voice_actor
401309,name,voice_actor
401310,石塚さより,voice_actor
401311,松前绪花,voice_actor
401312,内海賢二,voice_actor
401313,篠原惠美,voice_actor
401314,矢田耕司,voice_actor
401315,諏訪部順一、佐藤奏美,voice_actor
401316,高橋直気,voice_actor
401317,関智一、遠藤綾,voice_actor
401318,古木望,voice_actor
401319,伊藤彩沙,voice_actor
401320,前野智昭,voice_actor
401321,笹岛かほる,voice_actor
401322,原田彩楓,voice_actor
401323,\u002F千叶进步,voice_actor
401324,佐々木るん,voice_actor
401325,逢坂良太、飯田友子,voice_actor
401326,Lauren Faust，Amy Keating Rogers，M. A. Larson，Meghan McCarthy，Cindy Morrow，Charlotte Fullerton，Merriwether Williams，Chris Savino，Dave Polsky,voice_actor
401327,樋浦勉,voice_actor
401328,髙山ゆうこ,voice_actor
401329,大原惠,voice_actor
401330,高木渉、緑川光,voice_actor
401331,藤谷美紀,voice_actor
401332,贯井柚佳,voice_actor
401333,小森未彩,voice_actor
401334,國分優香里,voice_actor
401335,市川雅俊,voice_actor
401336,國立 幸,voice_actor
401337,岡村明美,voice_actor
401338,近藤孝行,voice_actor
401339,藤原啓治,voice_actor
401340,田丸篤志,voice_actor
401341,三谷昇,voice_actor
401342,亜城めぐ,voice_actor
401343,井端珠里,voice_actor
401344,安田未央,voice_actor
401345,中村嘉惟人,voice_actor
401346,梁志达,voice_actor
401347,ケイ,voice_actor
401348,高梨謙吾,voice_actor
401349,渡边遥,voice_actor
401350,陈廷轩,voice_actor
401351,国分优香里,voice_actor
401352,大本真基子,voice_actor
401353,瑞沢渓,voice_actor
401354,筈见纯,voice_actor
401355,阿川りょう,voice_actor
401356,江口拓也,voice_actor
401357,前田亜季,voice_actor
401358,蒙太古,voice_actor
401359,松冈由贵,voice_actor
401360,深町寿成,voice_actor
401361,菊池正美,voice_actor
401362,逢田梨香子,voice_actor
401363,胜杏里,voice_actor
401364,藤 麻子,voice_actor
401365,大野浩一,voice_actor
401366,藏合紗恵子、島﨑信長,voice_actor
401367,杉山紀彰、野田順子,voice_actor
401368,David Herman,voice_actor
401369,塾一久,voice_actor
401370,三宅健太,voice_actor
401371,榊孝辅,voice_actor
401372,福山潤,voice_actor
401373,藤井雪代,voice_actor
401374,浪川大輔,voice_actor
401375,加藤精三,voice_actor
401376,中村悠一、富樫美鈴,voice_actor
401377,木内秀信、良田麻美,voice_actor
401378,坂口賢一,voice_actor
401379,林原惠美,voice_actor
401380,和多田美咲,voice_actor
401381,和久井优,voice_actor
401382,竹内順子,voice_actor
401383,深川芹亜,voice_actor
401384,山村響,voice_actor
401385,肝付兼太,voice_actor
401386,藤井ゆきよ,voice_actor
401387,中西裕美子,voice_actor
401388,角研一郎,voice_actor
401389,天﨑滉平,voice_actor
401390,东城日沙子,voice_actor
401391,蒼井翔太,voice_actor
401392,本田貴子,voice_actor
401393,愛河里花子,voice_actor
401394,田辺留依,voice_actor
401395,丹下櫻,voice_actor
401396,遠藤璃菜,voice_actor
401397,角元明日香,voice_actor
401398,增田裕生,voice_actor
401399,铃村健一,voice_actor
401400,熊井素子,voice_actor
401401,菊池志穂,voice_actor
401402,鷄冠井美智子,voice_actor
401403,井关佳子,voice_actor
401404,置鮎龍太郎,voice_actor
401405,奥野香耶,voice_actor
401406,堀野紗也加,voice_actor
401407,岡本嘉子,voice_actor
401408,相内沙英,voice_actor
401409,渡辺はるか,voice_actor
401410,豊口めぐみ,voice_actor
401411,本城雄太郎,voice_actor
401412,岩崎谅太,voice_actor
401413,西川葉月,voice_actor
401414,原康義,voice_actor
401415,谷育子,voice_actor
401416,冈本信彦,voice_actor
401417,福島おりね,voice_actor
401418,优木加奈,voice_actor
401419,高戶靖廣,voice_actor
401420,新井明彦,voice_actor
401421,松元惠,voice_actor
401422,金田晶代,voice_actor
401423,八奈見乘兒,voice_actor
401424,大和田仁美,voice_actor
401425,中国卓郎,voice_actor
401426,片桐仁,voice_actor
401427,水岛大宙,voice_actor
401428,村井かずさ,voice_actor
401429,設楽麻美,voice_actor
401430,大冢周夫,voice_actor
401431,山崎みちる,voice_actor
401432,根本幸多,voice_actor
401433,大浦冬華,voice_actor
401434,青叶苹果,voice_actor
401435,大浦冬华,voice_actor
401436,鳴海杏子,voice_actor
401437,柳瀬夏美,voice_actor
401438,鈴置洋孝,voice_actor
401439,ささきのぞみ,voice_actor
401440,坂口芳貞,voice_actor
401441,小牧未侑,voice_actor
401442,岛袋美由利,voice_actor
401443,高橋美佳子、杉田智和,voice_actor
401444,園崎未恵,voice_actor
401445,菊池心,voice_actor
401446,金本凉辅,voice_actor
401447,远藤大智,voice_actor
401448,山下诚一郎,voice_actor
401449,やなせなつみ,voice_actor
401450,種田梨沙,voice_actor
401451,千本木彩花,voice_actor
401452,岡本信彦,voice_actor
401453,深澤大河,voice_actor
401454,堀江 由衣,voice_actor
401455,村上航,voice_actor
401456,日野聰,voice_actor
401457,千叶进歩,voice_actor
401458,渡辺明乃、中村悠一,voice_actor
401459,小島幸子,voice_actor
401460,广田诗梦,voice_actor
401461,川村万梨阿,voice_actor
401462,岩村愛子,voice_actor
401463,松井菜樱子,voice_actor
401464,大山尚雄,voice_actor
401465,真中桂子,voice_actor
401466,山口智大,voice_actor
401467,林原めぐみ,voice_actor
401468,音宮つばさ,voice_actor
401469,辻谷耕史,voice_actor
401470,德井青空,voice_actor
401471,本多陽子,voice_actor
401472,相橋愛子,voice_actor
401473,大亀明日香,voice_actor
401474,后藤广子,voice_actor
401475,本田贵子,voice_actor
401476,大橋歩夕,voice_actor
401477,稲田徹,voice_actor
401478,水原薫,voice_actor
401479,三宅麻理恵,voice_actor
401480,三矢雄二、江原正士、小松未可子，古川登志夫，悠木碧，中尾隆圣,voice_actor
401481,爱原ありさ,voice_actor
401482,田中信夫,voice_actor
401483,荒木香惠,voice_actor
401484,裴勇俊,voice_actor
401485,高木涉,voice_actor
401486,海春雷,voice_actor
401487,千晶まひろ,voice_actor
401488,渕上舞,voice_actor
401489,星野贵纪,voice_actor
401490,星野源,voice_actor
401491,保志総一朗,voice_actor
401492,やびく かりん,voice_actor
401493,西川几雄,voice_actor
401494,铃木清信,voice_actor
401495,宮崎羽衣,voice_actor
401496,西川舞,voice_actor
401497,神谷浩史、阿澄佳奈,voice_actor
401498,中務貴幸,voice_actor
401499,春濑夏美,voice_actor
401500,曽和まどか,voice_actor
401501,寿美菜子,voice_actor
401502,中島由貴,voice_actor
401503,白鳥由里、鄭麗麗,voice_actor
401504,小弗雷迪·普林斯,voice_actor
401505,野水伊織,voice_actor
401506,齋藤彩夏,voice_actor
401507,田中圭,voice_actor
401508,早見沙織\u002F美名,voice_actor
401509,松原大典,voice_actor
401510,平向智子、小島正幸,voice_actor
401511,岩﨑春奈,voice_actor
401512,高桥李依,voice_actor
401513,長沢美樹,voice_actor
401514,木野日菜,voice_actor
401515,田中美海,voice_actor
401516,神田和佳,voice_actor
401517,水樹奈奈\r,voice_actor
401518,山本一庆,voice_actor
401519,赵毅,voice_actor
401520,鎌倉有那,voice_actor
401521,桑原由气,voice_actor
401522,キチ,voice_actor
401523,石川由衣,voice_actor
401524,遊佐浩二、田村睦心,voice_actor
401525,犬丸,voice_actor
401526,中野さいま,voice_actor
401527,富森贾斯汀,voice_actor
401528,相澤みちる,voice_actor
401529,茅野爱衣,voice_actor
401530,高冢智人,voice_actor
401531,鄉田穗積\r,voice_actor
401532,坂井俊文,voice_actor
401533,细谷佳正,voice_actor
401534,音宫つはさ,voice_actor
401535,津村まこと、刘纯燕,voice_actor
401536,奥田启人[3],voice_actor
401537,雷碧文,voice_actor
401538,真奈美,voice_actor
401539,吉田一美,voice_actor
401540,寺濑今日子,voice_actor
401541,西本りみ,voice_actor
401542,栗山浩一,voice_actor
401543,クラトス·アウリオン,voice_actor
401544,立花慎之介、甲斐田ゆき,voice_actor
401545,筱田南,voice_actor
401546,羽村京子,voice_actor
401547,本宮佳奈,voice_actor
401548,福山润,voice_actor
401549,たかはし智秋,voice_actor
401550,津嘉山正种,voice_actor
401551,加藤奈々絵,voice_actor
401552,大林隆之介,voice_actor
401553,Kenji Miyazawa,voice_actor
401554,楠田亜衣奈,voice_actor
401555,山谷祥生,voice_actor
401556,野島裕史、張沫,voice_actor
401557,出合小都美,voice_actor
401558,中西英樹,voice_actor
401559,种﨑敦美,voice_actor
401560,斉木美帆,voice_actor
401561,田坂秀树,voice_actor
401562,小西宽子,voice_actor
401563,荒川菜月,voice_actor
401564,寺東克己、大城美幸、中野英明、出合小都美、ユキヒロマツシタ、沖田宮奈、篠原俊哉、小島正幸,voice_actor
401565,久保百合花,voice_actor
401566,渕崎ゆり子,voice_actor
401567,椎名へきる,voice_actor
401568,增田 ゆき,voice_actor
401569,八代拓(NEW),voice_actor
401570,柚原木实,voice_actor
401571,綾瀬有,voice_actor
401572,姜丽仪,voice_actor
401573,能登麻美子、根谷美智子,voice_actor
401574,津嘉山正種,voice_actor
401575,向清太朗,voice_actor
401576,MP5A2,voice_actor
401577,驹形友梨,voice_actor
401578,田中丽奈,voice_actor
401579,津田健次郎、芽衣,voice_actor
401580,长久友纪,voice_actor
401581,柄本明 \u002F 芦田米子,voice_actor
401582,いずみ尚,voice_actor
401583,国立幸,voice_actor
401584,绪方惠美,voice_actor
401585,岡本寛志,voice_actor
401586,纳谷六朗,voice_actor
401587,桐井大介,voice_actor
401588,有本钦隆,voice_actor
401589,ローナ?ファウナ,voice_actor
401590,绫香,voice_actor
401591,梯笃司,voice_actor
401592,津田英三,voice_actor
401593,西明日香,voice_actor
401594,高田忧希,voice_actor
401595,安原義人,voice_actor
401596,石原绘理子,voice_actor
401597,真山亜子,voice_actor
401598,ヴァイオラ,voice_actor
401599,伊藤実華,voice_actor
401600,比嘉愛未,voice_actor
401601,木島隆一,voice_actor
401602,望月健一,voice_actor
401603,美名,voice_actor
401604,夜行,voice_actor
401605,佐々木優子,voice_actor
401606,伊仓一惠,voice_actor
401607,御園行洋,voice_actor
401608,塩山由佳,voice_actor
401609,土田大,voice_actor
401610,真田麻美,voice_actor
401611,天神有海,voice_actor
401612,ニーコ、成田剑,voice_actor
401613,松岡洋子,voice_actor
401614,種﨑敦美,voice_actor
401615,坂本千夏、,voice_actor
401616,合田彩,voice_actor
401617,古谷彻,voice_actor
401618,大野柚布子,voice_actor
401619,秋奈,voice_actor
401620,ヘンゼル,voice_actor
401621,阳季想,voice_actor
401622,宗矢樹頼,voice_actor
401623,花澤香菜,voice_actor
401624,安原麗子,voice_actor
401625,丰口惠美、石井真,voice_actor
401626,米野真織,voice_actor
401627,内山夕実,voice_actor
401628,鬼頭明里,voice_actor
401629,夏树理绪,voice_actor
401630,岩崎征实,voice_actor
401631,上坂すみれ,voice_actor
401632,小田切优衣,voice_actor
401633,鹿股裕司,voice_actor
401634,長久友紀,voice_actor
401635,仲西環,voice_actor
401636,白鳥修馬,voice_actor
401637,远藤宪一,voice_actor
401638,野中秀哲,voice_actor
401639,嘉阳光,voice_actor
401640,泽春菜,voice_actor
401641,河本启佑,voice_actor
401642,鈴木和人,voice_actor
401643,温水洋,voice_actor
401644,星井七濑,voice_actor
401645,中上育实,voice_actor
401646,緒方恵美,voice_actor
401647,冈田优香,voice_actor
401648,铃木达央,voice_actor
401649,青山桐子,voice_actor
401650,渋谷茂,voice_actor
401651,江守彻,voice_actor
401652,峯香織,voice_actor
401653,増田裕生,voice_actor
401654,稻叶实,voice_actor
401655,平田絵里子,voice_actor
401656,慶長佑香、中村悠一,voice_actor
401657,田中完,voice_actor
401658,冈野 浩介,voice_actor
401659,横山めぐみ,voice_actor
401660,山口隆行,voice_actor
401661,中野彩麻,voice_actor
401662,楠大典,voice_actor
401663,大塚周夫、遊佐浩二,voice_actor
401664,白河 奈奈佳,voice_actor
401665,加隈亜衣,voice_actor
401666,宮川美保,voice_actor
401667,小见川千明,voice_actor
401668,小林大紀,voice_actor
401669,関俊彦,voice_actor
401670,奈良徹,voice_actor
401671,酒井香奈,voice_actor
401672,東條加那子、梶裕貴,voice_actor
401673,織田圭祐,voice_actor
401674,有本欽隆,voice_actor
401675,川渊由香里,voice_actor
401676,诹访部顺一,voice_actor
401677,结城诺奈,voice_actor
401678,福田信昭,voice_actor
401679,花泽香菜,voice_actor
401680,中本顺久,voice_actor
401681,森訓久,voice_actor
401682,小家山晃,voice_actor
401683,遠近孝一,voice_actor
401684,増岡弘,voice_actor
401685,上田丽奈,voice_actor
401686,伊藤静,voice_actor
401687,小坂井祐莉绘,voice_actor
401688,西原久美子,voice_actor
401689,石原夏织,voice_actor
401690,三瓶由布子,voice_actor
401691,幸田梦波,voice_actor
401692,長谷川静香,voice_actor
401693,伊藤舞子,voice_actor
401694,市川苍,voice_actor
401695,安斎肇,voice_actor
401696,齐藤桃子,voice_actor
401697,高户靖广,voice_actor
401698,吉野屋,voice_actor
401699,长宗春佳,voice_actor
401700,高木裕平,voice_actor
401701,朝日奈丸佳,voice_actor
401702,中西妙子,voice_actor
401703,先坂 繪里,voice_actor
401704,小池栄子,voice_actor
401705,芝井伶太,voice_actor
401706,織田優成,voice_actor
401707,沼倉愛美,voice_actor
401708,朋永真季,voice_actor
401709,入野自由、稲田徹,voice_actor
401710,新田恵海,voice_actor
401711,田中雅之,voice_actor
401712,石田ゆり子,voice_actor
401713,门胁舞以,voice_actor
401714,お婆ちゃん,voice_actor
401715,东内麻里子,voice_actor
401716,田端美保,voice_actor
401717,川崎恵理子,voice_actor
401718,三咲麻里,voice_actor
401719,武内駿輔,voice_actor
401720,富澤惠莉,voice_actor
401721,水岛裕,voice_actor
401722,一杉佳澄,voice_actor
401723,広橋涼,voice_actor
401724,ソルヴァ,voice_actor
401725,小林裕介,voice_actor
401726,小樱エツ子,voice_actor
401727,勝地涼,voice_actor
401728,三上枝织,voice_actor
401729,山崎 雅美,voice_actor
401730,内田雄马,voice_actor
401731,川澄綾子、関智一,voice_actor
401732,三瓶由布子、KENN,voice_actor
401733,白石晴香,voice_actor
401734,安达勇人,voice_actor
401735,速水 奨,voice_actor
401736,兼本新吾,voice_actor
401737,進藤尚美、平川大輔,voice_actor
401738,千葉繁,voice_actor
401739,壱智村小真,voice_actor
401740,鈴鹿千春,voice_actor
401741,木村郁绘,voice_actor
401742,筱原大作,voice_actor
401743,池田昌子,voice_actor
401744,國立幸、喜安浩平,voice_actor
401745,长谷川静香,voice_actor
401746,豊永利行、儀武ゆう子,voice_actor
401747,石原凡,voice_actor
401748,岸本百恵,voice_actor
401749,桐生朱音,voice_actor
401750,上村祐翔,voice_actor
401751,远藤绫,voice_actor
401752,水橋かおり,voice_actor
401753,乃村健次,voice_actor
401754,星野貴紀,voice_actor
401755,松本梨香,voice_actor
401756,绪方贤一,voice_actor
401757,小山力也、石川静（少年）,voice_actor
401758,汉斯.克利夫,voice_actor
401759,水瀬いのり,voice_actor
401760,矶部一洋,voice_actor
401761,中村千绘,voice_actor
401762,麻生美代子,voice_actor
401763,淺川悠,voice_actor
401764,阿虚,voice_actor
401765,大原 沙耶香,voice_actor
401766,ジョー?ロメルサ,voice_actor
401767,伊藤実華、浜田賢二,voice_actor
401768,根本正勝,voice_actor
401769,青木和代,voice_actor
401770,小倉唯,voice_actor
401771,尾崎真実,voice_actor
401772,稻田彻,voice_actor
401773,春野杏,voice_actor
401774,青羽剛,voice_actor
401775,加地綾乃,voice_actor
401776,田中真奈美,voice_actor
401777,佐藤裕美,voice_actor
401778,飯塚雅弓,voice_actor
401779,KAORI,voice_actor
401780,沢木郁也,voice_actor
401781,高垣 彩阳,voice_actor
401782,米泽圆,voice_actor
401783,上田阳司,voice_actor
401784,高山佑子,voice_actor
401785,皆川纯子,voice_actor
401786,悠木 碧,voice_actor
401787,岛﨑信长,voice_actor
401788,长谷川明子,voice_actor
401789,斎藤恵理,voice_actor
401790,東山奈央,voice_actor
401791,沢城みゆき、中村悠一,voice_actor
401792,生天目仁美、羽多野渉,voice_actor
401793,東さおり,voice_actor
401794,高垣彩阳,voice_actor
401795,藤村知可,voice_actor
401796,佐藤銀平,voice_actor
401797,深川芹亚,voice_actor
401798,斎藤千和,voice_actor
401799,浅井孝行,voice_actor
401800,香和由美,voice_actor
401801,黒澤ゆりか,voice_actor
401802,中恵光城,voice_actor
401803,宮本駿一,voice_actor
401804,福井裕佳梨,voice_actor
401805,西村千奈美,voice_actor
401806,山新,voice_actor
401807,笠间淳,voice_actor
401808,星野千寿子,voice_actor
401809,长沢美树,voice_actor
401810,ブリドカット セーラ 恵美,voice_actor
401811,ケビン,voice_actor
401812,井上刚,voice_actor
401813,小西寛子,voice_actor
401814,宫田幸季,voice_actor
401815,原由実,voice_actor
401816,蟹江俊介,voice_actor
401817,瀬戸麻沙美,voice_actor
401818,古本新之辅,voice_actor
401819,銀河万丈,voice_actor
401820,伊瀬茉莉也,voice_actor
401821,相坂小夜,voice_actor
401822,前岛亚美,voice_actor
401823,ガンダムデュナメス,voice_actor
401824,冲佳苗,voice_actor
401825,鈴木杏,voice_actor
401826,中多和宏,voice_actor
401827,关根明良、内山昂辉,voice_actor
401828,鹤弘美,voice_actor
401829,山本麻里安,voice_actor
401830,长岛雄一,voice_actor
401831,日野まり,voice_actor
401832,乡田穂积,voice_actor
401833,笹本優子,voice_actor
401834,升望、田丸篤志,voice_actor
401835,柴田秀胜,voice_actor
401836,高木早苗,voice_actor
401837,阪口あや,voice_actor
401838,家弓家正,voice_actor
401839,木村优,voice_actor
401840,福圓美里,voice_actor
401841,宇梶剛士,voice_actor
401842,松井菜桜子,voice_actor
401843,川原元幸,voice_actor
401844,浪川大辅、,voice_actor
401845,藤原啓治、真田麻美,voice_actor
401846,ガベの長老,voice_actor
401847,高橋裕吾,voice_actor
401848,神谷 浩史,voice_actor
401849,广田稔,voice_actor
401850,井上麻里奈,voice_actor
401851,张,voice_actor
401852,斎藤 千和,voice_actor
401853,高橋伸也,voice_actor
401854,渕崎ゆり子、袁淑珍,voice_actor
401855,苍月升,voice_actor
401856,新田惠海,voice_actor
401857,花轮英司,voice_actor
401858,宫本侑芽,voice_actor
401859,櫻井智,voice_actor
401860,梶田夕貴,voice_actor
401861,尾崎由香,voice_actor
401862,大河元气,voice_actor
401863,佐仓薰,voice_actor
401864,伊丸岡篤,voice_actor
401865,松永一辉,voice_actor
401866,矢薙直樹,voice_actor
401867,Rita,voice_actor
401868,ホリ,voice_actor
401869,天野由梨,voice_actor
401870,ラブ守永,voice_actor
401871,真坂美帆,voice_actor
401872,細谷佳正,voice_actor
401873,鲸（松本和香子）,voice_actor
401874,及川以造,voice_actor
401875,松本美和,voice_actor
401876,石森达幸,voice_actor
401877,宫下雄也,voice_actor
401878,葉山いくみ,voice_actor
401879,林原惠,voice_actor
401880,山本匠馬,voice_actor
401881,ベルグ,voice_actor
401882,铃置洋孝→堀内贤雄,voice_actor
401883,降幡爱,voice_actor
401884,後藤麻衣,voice_actor
401885,折笠富美子、川島得愛,voice_actor
401886,古谷,voice_actor
401887,浦山迅,voice_actor
401888,樋口智恵子,voice_actor
401889,花江夏樹,voice_actor
401890,新谷真弓,voice_actor
401891,内田雄馬,voice_actor
401892,茶風林,voice_actor
401893,七瀬彩夏,voice_actor
401894,鈴木菜穂子,voice_actor
401895,伊月 ゆい,voice_actor
401896,今井由香,voice_actor
401897,平勝伊,voice_actor
401898,徳丸完,voice_actor
401899,佐々木未来,voice_actor
401900,冨樫かずみ,voice_actor
401901,吾代永翼,voice_actor
401902,上田佑司,voice_actor
401903,伊藤 静,voice_actor
401904,野上尤加奈,voice_actor
401905,布川敏和,voice_actor
401906,黑泽ともよ,voice_actor
401907,高乃麗,voice_actor
401908,卢婷,voice_actor
401909,竹下礼奈,voice_actor
401910,鹤冈聪,voice_actor
401911,筱宫沙弥,voice_actor
401912,大坪由佳、高橋花林、仲谷明香,voice_actor
401913,十四,voice_actor
401914,盐泽兼人,voice_actor
401915,荒浪和沙,voice_actor
401916,西山宏太朗,voice_actor
401917,涼風真世,voice_actor
401918,鸟海胜美,voice_actor
401919,塩屋翼,voice_actor
401920,淺沼晉太郎,voice_actor
401921,高田裕司,voice_actor
401922,宮野真守、西墻由香,voice_actor
401923,水島大宙,voice_actor
401924,渡部优衣,voice_actor
401925,花咲きよみ,voice_actor
401926,泽城千春,voice_actor
401927,高桥裕子,voice_actor
401928,チャン?リーメイ→金田アキ,voice_actor
401929,増元拓也,voice_actor
401930,荻野晴朗,voice_actor
401931,小山百代,voice_actor
401932,古川慎,voice_actor
401933,脇知弘,voice_actor
401934,高冢正也,voice_actor
401935,吉住 梢,voice_actor
401936,辻あゆみ,voice_actor
401937,戸松遥,voice_actor
401938,中川亚纪子,voice_actor
401939,高坂笃志,voice_actor
401940,田中理恵,voice_actor
401941,野沢雅子,voice_actor
401942,矢尾一樹,voice_actor
401943,冈宽惠,voice_actor
401944,野际阳子,voice_actor
401945,樋口武彦,voice_actor
401946,松田洋昌,voice_actor
401947,山野史人,voice_actor
401948,仓田雅世,voice_actor
401949,潘 めぐみ（潘惠美）,voice_actor
401950,山寺宏一,voice_actor
401951,マリアンヌ,voice_actor
401952,笠原弘子,voice_actor
401953,小暮英麻,voice_actor
401954,桑谷夏子,voice_actor
401955,细野佑美子,voice_actor
401956,高城元气,voice_actor
401957,水树奈奈,voice_actor
401958,鈴木勝美,voice_actor
401959,私市淳,voice_actor
401960,堀江由衣\t　　,voice_actor
401961,牛山茂,voice_actor
401962,增山江威子,voice_actor
401963,名冢佳织,voice_actor
401964,佳穂成美,voice_actor
401965,斧敦,voice_actor
401966,風間俊介,voice_actor
401967,秀信,voice_actor
401968,汐崎アイル,voice_actor
401969,小林満,voice_actor
401970,市來光弘,voice_actor
401971,千叶进步,voice_actor
401972,武田罗梨沙多胡,voice_actor
401973,さかき孝辅,voice_actor
401974,玉城仁菜,voice_actor
401975,冨永みーな,voice_actor
401976,村瀬歩、藤堂真衣,voice_actor
401977,日高范子,voice_actor
401978,岩田阳葵,voice_actor
401979,山根舞,voice_actor
401980,远近孝一,voice_actor
401981,高桥理惠子,voice_actor
401982,杉山佳寿子,voice_actor
401983,常田富士男,voice_actor
401984,池田純矢,voice_actor
401985,梶裕貴,voice_actor
401986,酒井乃碧,voice_actor
401987,浅田葉子,voice_actor
401988,沼波辉枝,voice_actor
401989,川瀬晶子,voice_actor
401990,阪口大助、室園丈裕,voice_actor
401991,稲村优奈,voice_actor
401992,翁媛,voice_actor
401993,ニーナ,voice_actor
401994,苏俣,voice_actor
401995,宍戸留美,voice_actor
401996,高部あい,voice_actor
401997,渡邊明乃,voice_actor
401998,横手久美子,voice_actor
401999,鬼月,voice_actor
402000,野田顺子,voice_actor
402001,纲挂 裕美,voice_actor
402002,川岛千代子,voice_actor
402003,永塚拓馬,voice_actor
402004,石住昭彦,voice_actor
402005,相沢舞,voice_actor
402006,吉田真弓,voice_actor
402007,エンテイ,voice_actor
402008,大塚周夫,voice_actor
402009,花江夏树,voice_actor
402010,峯田大夢,voice_actor
402011,岩崎征実,voice_actor
402012,長江里加,voice_actor
402013,クリステル·チアリ,voice_actor
402014,相坂優歌,voice_actor
402015,藤田勇纪,voice_actor
402016,ー关智一,voice_actor
402017,藤本葵,voice_actor
402018,鸡内一也,voice_actor
402019,Kara Eberle,voice_actor
402020,內田真禮,voice_actor
402021,名塚佳織,voice_actor
402022,大森南朋,voice_actor
402023,恒松步,voice_actor
402024,钉宫理恵,voice_actor
402025,野島健児,voice_actor
402026,望月久代,voice_actor
402027,平松 晶子,voice_actor
402028,蛭子能收,voice_actor
402029,鈴木愛奈,voice_actor
402030,富田美忧,voice_actor
402031,中井和哉,voice_actor
402032,佐藤朱,voice_actor
402033,亀井芳子,voice_actor
402034,石川静,voice_actor
402035,松川裕辉,voice_actor
402036,小林美佐,voice_actor
402037,齊藤真紀,voice_actor
402038,安達忍,voice_actor
402039,田野麻美,voice_actor
402040,入江玲於奈,voice_actor
402041,仲田ありさ,voice_actor
402042,古田新太,voice_actor
402043,工藤雅久,voice_actor
402044,苍井空,voice_actor
402045,梶裕贵,voice_actor
402046,龙田直树,voice_actor
402047,大杉涟,voice_actor
402048,黑木华,voice_actor
402049,乡田穗积,voice_actor
402050,後藤沙緒里,voice_actor
402051,坂巻 亮祐 小说简介,voice_actor
402052,金田龍之介,voice_actor
402053,河本啓佑,voice_actor
402054,奥井ゆうこ,voice_actor
402055,末柄里惠\r,voice_actor
402056,加隈亜衣、山本和臣,voice_actor
402057,大久保藍子,voice_actor
402058,永井一郎,voice_actor
402059,高戸靖広,voice_actor
402060,小菅真美,voice_actor
402061,牧野芳奈,voice_actor
402062,滝口順平,voice_actor
402063,水橋かおり、梶裕貴,voice_actor
402064,泰勇気,voice_actor
402065,渡辺麻友,voice_actor
402066,山口勝平,voice_actor
402067,神园修,voice_actor
402068,佐武宇綺,voice_actor
402069,石田彰,voice_actor
402070,豊口めぐみ(#01-15) \u002F 伊藤静(#31),voice_actor
402071,野中蓝,voice_actor
402072,武藤志織,voice_actor
402073,长绳麻理亚,voice_actor
402074,小仓唯,voice_actor
402075,大桥岬,voice_actor
402076,樱井 孝宏,voice_actor
402077,三森すずこ,voice_actor
402078,内海賢二、若本規夫、飛田展男,voice_actor
402079,峰岸佳,voice_actor
402080,高口公介,voice_actor
402081,間宮くるみ,voice_actor
402082,松田利冴,voice_actor
402083,工藤晴香,voice_actor
402084,小林爱,voice_actor
402085,柴田秀勝,voice_actor
402086,礼冈真澄,voice_actor
402087,中尾みち雄,voice_actor
402088,武井证,voice_actor
402089,松田辰也,voice_actor
402090,甲斐田ゆき、木内レイコ,voice_actor
402091,小泉萌香,voice_actor
402092,水樹奈々,voice_actor
402093,鈴木裕斗,voice_actor
402094,三上真史,voice_actor
402095,千田光男,voice_actor
402096,立石めぐみ,voice_actor
402097,長瀬智也,voice_actor
402098,齐藤 彩夏,voice_actor
402099,長谷優里奈,voice_actor
402100,古手川祐子,voice_actor
402101,麻上洋子,voice_actor
402102,大前茜,voice_actor
402103,齐藤昌,voice_actor
402104,冈野浩介,voice_actor
402105,石上静香,voice_actor
402106,Enako,voice_actor
402107,山崎和佳奈,voice_actor
402108,宫本佳那子,voice_actor
402109,草摩宗介,voice_actor
402110,国府田マリ子,voice_actor
402111,矶部勉、浜田贤二,voice_actor
402112,井上真樹夫,voice_actor
402113,蒼樹うめ,voice_actor
402114,折笠愛,voice_actor
402115,後藤友香里,voice_actor
402116,堀江一眞,voice_actor
402117,丸山詠二,voice_actor
402118,弥生みつき,voice_actor
402119,飯塚昭三,voice_actor
402120,モス,voice_actor
402121,坂本頼光,voice_actor
402122,佐佐木李子,voice_actor
402123,涩谷飞鸟,voice_actor
402124,加藤和樹,voice_actor
402125,鬼头明里,voice_actor
402126,徳本英一郎,voice_actor
402127,杉田亚矢,voice_actor
402128,平野绫,voice_actor
402129,京極夏彦,voice_actor
402130,中村悠,voice_actor
402131,东条加那子,voice_actor
402132,ナタル,voice_actor
402133,藤原贵弘,voice_actor
402134,小刚,voice_actor
402135,前田木实,voice_actor
402136,春井柚佳,voice_actor
402137,木下浩之,voice_actor
402138,潘恵子,voice_actor
402139,佳村はるか,voice_actor
402140,大場真人、里内信夫,voice_actor
402141,青山吉能,voice_actor
402142,遠藤綾、種田梨沙,voice_actor
402143,宝龟克寿,voice_actor
402144,高岛彩（富士电视台广播员）,voice_actor
402145,下屋則子,voice_actor
402146,内田真礼,voice_actor
402147,冬馬由美,voice_actor
402148,大桥彩香、石川界人,voice_actor
402149,堀川千華,voice_actor
402150,新田海统,voice_actor
402151,八島沙羅羅,voice_actor
402152,高橋花林,voice_actor
402153,坂熊孝彦,voice_actor
402154,鈴木桃子,voice_actor
402155,私市淳、半場友恵,voice_actor
402156,手塚ちはる,voice_actor
402157,ハンス、ヨハン,voice_actor
402158,室井深雪,voice_actor
402159,高久ちぐさ,voice_actor
402160,中村大樹,voice_actor
402161,水城レナ,voice_actor
402162,松本保典,voice_actor
402163,绿川光\r,voice_actor
402164,嘉数由美,voice_actor
402165,天枷 美夏,voice_actor
402166,市原悦子,voice_actor
402167,大塚纱英,voice_actor
402168,水桥研二,voice_actor
402169,照井春佳,voice_actor
402170,酒井香奈子,voice_actor
402171,辻亲八,voice_actor
402172,庄真由美,voice_actor
402173,曾我部和恭,voice_actor
402174,上坂菫,voice_actor
402175,日笠阳子,voice_actor
402176,牧口真幸,voice_actor
402177,能登麻美子,voice_actor
402178,野宮一範,voice_actor
402179,麻見順子,voice_actor
402180,ゆきのさつき,voice_actor
402181,平沼纪久,voice_actor
402182,原田ひとみ,voice_actor
402183,立木文彥,voice_actor
402184,坂本真绫,voice_actor
402185,冈本宽志,voice_actor
402186,高木渉,voice_actor
402187,古木のぞみ,voice_actor
402188,杉本みくる,voice_actor
402189,宫岛依里,voice_actor
402190,岡野浩介,voice_actor
402191,爱德华兹,voice_actor
402192,首藤志奈,voice_actor
402193,吉田小南美,voice_actor
402194,洲崎綾,voice_actor
402195,石井正則,voice_actor
402196,木下鈴奈,voice_actor
402197,子安武人,voice_actor
402198,可名（太田衣美）,voice_actor
402199,高山南,voice_actor
402200,宫内敦士,voice_actor
402201,西凜太朗,voice_actor
402202,杨豆花,voice_actor
402203,潮崎渚,voice_actor
402204,鹰羽二郎丸,voice_actor
402205,菅谷政子,voice_actor
402206,小野坂昌也,voice_actor
402207,小林星兰,voice_actor
402208,小樱悦子,voice_actor
402209,友近恵子,voice_actor
402210,合田绘利,voice_actor
402211,日笠山亜美,voice_actor
402212,草野徹,voice_actor
402213,三田ゆう子,voice_actor
402214,河瀨茉希,voice_actor
402215,日比愛子,voice_actor
402216,小川真奈,voice_actor
402217,末柄里惠,voice_actor
402218,中尾友紀,voice_actor
402219,国府田麻理子,voice_actor
402220,富田健太郎,voice_actor
402221,伊波杏樹,voice_actor
402222,麻生かほ里,voice_actor
402223,米澤円,voice_actor
402224,宮田一郎,voice_actor
402225,巻,voice_actor
402226,秦佐和子,voice_actor
402227,启司,voice_actor
402228,新野美知,voice_actor
402229,若本規夫,voice_actor
402230,安田あきえ,voice_actor
402231,城石川英郎,voice_actor
402232,松冈章夫,voice_actor
402233,森田真由,voice_actor
402234,洲崎绫,voice_actor
402235,廣瀬大介,voice_actor
402236,邓洁丽,voice_actor
402237,安達直人,voice_actor
402238,铃木裕斗,voice_actor
402239,山下誠一郎,voice_actor
402240,竹达彩奈,voice_actor
402241,小野凉子,voice_actor
402242,新谷良子,voice_actor
402243,金田朋子,voice_actor
402244,筱原美香（导演版） \u002F 武藤寿美（声优版）,voice_actor
402245,曹凯,voice_actor
402246,國府田マリ子,voice_actor
402247,木村了,voice_actor
402248,飞田 展男,voice_actor
402249,笹岡繁蔵,voice_actor
402250,莎拉,voice_actor
402251,阿久津加菜,voice_actor
402252,天田真人,voice_actor
402253,萩原鈴,voice_actor
402254,平田広明,voice_actor
402255,山田康雄,voice_actor
402256,关内?玛丽亚?太郎,voice_actor
402257,黑澤朋世,voice_actor
402258,小野塚貴志,voice_actor
402259,宫本充,voice_actor
402260,河西健吾,voice_actor
402261,松浦愛弓,voice_actor
402262,榊原良子、水橋かおり,voice_actor
402263,古泽彻,voice_actor
402264,雄鶏、ハリネズミ,voice_actor
402265,河村梨恵,voice_actor
402266,植木誠,voice_actor
402267,小川真司,voice_actor
402268,茂吕田かおる,voice_actor
402269,加隈亞衣,voice_actor
402270,神田理江,voice_actor
402271,大久保ちか,voice_actor
402272,平井道子,voice_actor
402273,野島裕史,voice_actor
402274,摩天楼由香,voice_actor
402275,大原 崇,voice_actor
402276,矢澤りえか,voice_actor
402277,矢岛晶子,voice_actor
402278,曽我部英理,voice_actor
402279,仓田由子,voice_actor
402280,日下部かおり,voice_actor
402281,津田建次郎,voice_actor
402282,落合佑里香,voice_actor
402283,葵若菜,voice_actor
402284,山下百合恵,voice_actor
402285,小松里贺,voice_actor
402286,田岛令子,voice_actor
402287,福原香織,voice_actor
402288,本渡枫,voice_actor
402289,鵜殿麻由,voice_actor
402290,小岩井小鸟,voice_actor
402291,斎藤千和、入野自由,voice_actor
402292,大地葉、松岡禎丞,voice_actor
402293,岸尾大輔,voice_actor
402294,增田俊树,voice_actor
402295,くまいもとこ、細谷佳正,voice_actor
402296,前川涼子,voice_actor
402297,岩居由希子,voice_actor
402298,梯篤司,voice_actor
402299,植田佳奈,voice_actor
402300,青木誠,voice_actor
402301,真野拓実,voice_actor
402302,小松未可子,voice_actor
402303,志田有彩,voice_actor
402304,中谷一博,voice_actor
402305,仲村宗悟,voice_actor
402306,保村真,voice_actor
402307,竹尾歩美,voice_actor
402308,堀江瞬,voice_actor
402309,中尾隆聖,voice_actor
402310,铃木晶子,voice_actor
402311,一龙斋春水,voice_actor
402312,斎賀みつき,voice_actor
402313,花倉洸幸,voice_actor
402314,千叶繁,voice_actor
402315,宮島依里,voice_actor
402316,七瀬亜深,voice_actor
402317,関通利,voice_actor
402318,佐藤恵,voice_actor
402319,竹口安芸子,voice_actor
402320,田中爱美,voice_actor
402321,泊明日菜,voice_actor
402322,津田健次郎,voice_actor
402323,広瀬正志、宝亀克寿,voice_actor
402324,島崎信長,voice_actor
402325,高桥美佳子,voice_actor
402326,時田光,voice_actor
402327,加藤ひとみ,voice_actor
402328,高桥英则,voice_actor
402329,星火,voice_actor
402330,堀秀行,voice_actor
402331,本多知惠子,voice_actor
402332,荒井聪太,voice_actor
402333,田野麻美?,voice_actor
402334,森嶋优花,voice_actor
402335,小野大辅,voice_actor
402336,遠藤大智,voice_actor
402337,置鲇 龙太郎,voice_actor
402338,優希知冴,voice_actor
402339,高梁碧,voice_actor
402340,石井マーク,voice_actor
402341,冈田纯子,voice_actor
402342,峰惠研,voice_actor
402343,安元洋贵,voice_actor
402344,八木侑紀,voice_actor
402345,岡本麻見,voice_actor
402346,池田政典,voice_actor
402347,氷上恭子,voice_actor
402348,香椎くに子,voice_actor
402349,武隈史子,voice_actor
402350,佐々木啓夫,voice_actor
402351,田村響華,voice_actor
402352,大地叶,voice_actor
402353,篠田みなみ,voice_actor
402354,濑户麻沙美,voice_actor
402355,池水通洋,voice_actor
402356,早川沙希,voice_actor
402357,キンヤ,voice_actor
402358,雨宫天,voice_actor
402359,武智豊子（武知杜代子）,voice_actor
402360,牛田裕子、緑川光,voice_actor
402361,久保由利香,voice_actor
402362,松山鹰志,voice_actor
402363,田中一成,voice_actor
402364,釘宮理惠,voice_actor
402365,内田直哉,voice_actor
402366,中博史,voice_actor
402367,置鯰龍太郎,voice_actor
402368,李佳怡,voice_actor
402369,小清水 亚美,voice_actor
402370,广播,voice_actor
402371,吉村那奈美,voice_actor
402372,山田奈都美,voice_actor
402373,榎木淳彌,voice_actor
402374,宫原永海,voice_actor
402375,牧島有希,voice_actor
402376,坂本一行,voice_actor
402377,笹本优子,voice_actor
402378,中谷美紀,voice_actor
402379,曽我部和行,voice_actor
402380,金鱼和嘉菜,voice_actor
402381,笠原弘子、水谷優子,voice_actor
402382,まこ,voice_actor
402383,Alyson Court,voice_actor
402384,佐藤利奈,voice_actor
402385,豊崎愛生,voice_actor
402386,木村亜希子,voice_actor
402387,安田陆矢,voice_actor
402388,渡部优衣   　　　　　　　,voice_actor
402389,進藤尚美,voice_actor
402390,南条爱乃,voice_actor
402391,铃木三枝,voice_actor
402392,榊清太郎,voice_actor
402393,増山江威子,voice_actor
402394,天神英貴,voice_actor
402395,樱川朝惠,voice_actor
402396,夏野菜绪,voice_actor
402397,东山奈央,voice_actor
402398,石塚さより、保志総一朗,voice_actor
402399,北原沙弥香,voice_actor
402400,佐藤なる美、坂本千夏、矢部雅史、新井里美、ささきのぞみ、あおきさやか,voice_actor
402401,佐藤拓也,voice_actor
402402,西村ちなみ,voice_actor
402403,早濑莉花,voice_actor
402404,枸雅诗绪,voice_actor
402405,堀江一真,voice_actor
402406,萩原えみこ,voice_actor
402407,清水富美加,voice_actor
402408,笠井律子,voice_actor
402409,ランズベリー?アーサー,voice_actor
402410,Lauren Faus,voice_actor
402411,浪川大輔、阪脩,voice_actor
402412,获野志保子,voice_actor
402413,清水爱,voice_actor
402414,藤田奈央,voice_actor
402415,喜多村英梨,voice_actor
402416,河原木志穂,voice_actor
402417,落合留美,voice_actor
402418,上田燿司,voice_actor
402419,铃木真仁,voice_actor
402420,GACKT,voice_actor
402421,山下晶,voice_actor
402422,江原正士,voice_actor
402423,小村哲生,voice_actor
402424,田中康郎,voice_actor
402425,平野　文,voice_actor
402426,高橋未奈美,voice_actor
402427,若林直美,voice_actor
402428,松本ヨシロウ,voice_actor
402429,尾崎真实,voice_actor
402430,生田辉,voice_actor
402431,三島冨美子,voice_actor
402432,田所阳向,voice_actor
402433,藤卷惠理子,voice_actor
402434,荒井聡太,voice_actor
402435,林玉绪,voice_actor
402436,种崎敦美,voice_actor
402437,二阶堂赖子,voice_actor
402438,樫井笙人,voice_actor
402439,西前忠久,voice_actor
402440,渡边 明乃,voice_actor
402441,矢作纱友里,voice_actor
402442,柳濑夏美,voice_actor
402443,小林優子,voice_actor
402444,櫻井トオル,voice_actor
402445,岗村明美,voice_actor
402446,花田光\r,voice_actor
402447,鈴木琢磨,voice_actor
402448,東地宏樹,voice_actor
402449,堀之纪,voice_actor
402450,山口奈々,voice_actor
402451,松本真理香,voice_actor
402452,门胁 舞,voice_actor
402453,小林晃子,voice_actor
402454,V17-苏婉,voice_actor
402455,张杰,voice_actor
402456,林真里花,voice_actor
402457,緑川光,voice_actor
402458,北川勝博,voice_actor
402459,田中涼子,voice_actor
402460,前田愛,voice_actor
402461,川本成,voice_actor
402462,永田依子,voice_actor
402463,しほの涼,voice_actor
402464,富坂晶,voice_actor
402465,千葉千恵巳,voice_actor
402466,吉冈秀隆,voice_actor
402467,戸田恵子主演,voice_actor
402468,由乃,voice_actor
402469,妈妈,voice_actor
402470,若井友希,voice_actor
402471,岩尾万太郎,voice_actor
402472,美佐佐木优子,voice_actor
402473,小西克幸\r,voice_actor
402474,矢岛正明,voice_actor
402475,森久保祥太郎,voice_actor
402476,野田麻美,voice_actor
402477,幡宮かのこ,voice_actor
402478,和田京子,voice_actor
402479,阪口大助,voice_actor
402480,長谷川明子,voice_actor
402481,渡辺智美,voice_actor
402482,戸田恵子,voice_actor
402483,菅沼久义,voice_actor
402484,中山麻聖、潘めぐみ,voice_actor
402485,室元气,voice_actor
402486,市村正親,voice_actor
402487,モゲラ,voice_actor
402488,富冈晃一郎,voice_actor
402489,入野自由,voice_actor
402490,古山贵实子,voice_actor
402491,秋山龙次,voice_actor
402492,中尾衣里,voice_actor
402493,咲野俊介,voice_actor
402494,郷里大辅,voice_actor
402495,鸟海浩辅\r,voice_actor
402496,森山未來,voice_actor
402497,樱井孝宏,voice_actor
402498,土門仁,voice_actor
402499,配音,voice_actor
402500,增田由纪,voice_actor
402501,川路夏子,voice_actor
402502,上坂薰,voice_actor
402503,吉田小百合,voice_actor
402504,长,voice_actor
402505,木村珠莉,voice_actor
402506,菊タロー,voice_actor
402507,柯暮卿,voice_actor
402508,沢海阳子,voice_actor
402509,原優子,voice_actor
402510,霧崎雄一,voice_actor
402511,伊藤节生,voice_actor
402512,中岛唯,voice_actor
402513,浜田賢二,voice_actor
402514,勝生真沙子、渕崎ゆり子,voice_actor
402515,崔志勋,voice_actor
402516,藏合纱惠子,voice_actor
402517,岸尾大辅,voice_actor
402518,土井美、,voice_actor
402519,三木真一郎,voice_actor
402520,M16A4,voice_actor
402521,ジョナ?マツカ,voice_actor
402522,洞内愛,voice_actor
402523,野泽那智、堀胜之祐,voice_actor
402524,岡和男,voice_actor
402525,宫崎 寛务,voice_actor
402526,V17- Kiyo,voice_actor
402527,桧山修之,voice_actor
402528,丹羽紫保里,voice_actor
402529,陶山章央,voice_actor
402530,萨德,voice_actor
402531,鳴海エリカ,voice_actor
402532,白石冬美,voice_actor
402533,知念侑李,voice_actor
402534,水野麻里绘,voice_actor
402535,佐土原香织,voice_actor
402536,真殿光昭,voice_actor
402537,二又一成,voice_actor
402538,ゆかな,voice_actor
402539,平野　稔,voice_actor
402540,早瀬未沙,voice_actor
402541,雨宮天,voice_actor
402542,渡辺未来,voice_actor
402543,楠见尚己,voice_actor
402544,大山のぶ代,voice_actor
402545,长嶝高士,voice_actor
402546,宫内幸平,voice_actor
402547,坂本美里,voice_actor
402548,地球,voice_actor
402549,大後寿々花,voice_actor
402550,夏磊,voice_actor
402551,島﨑信長,voice_actor
402552,早見沙织,voice_actor
402553,小野健一,voice_actor
402554,波多野和俊,voice_actor
402555,水谷優子,voice_actor
402556,大場真人,voice_actor
402557,黒鋼,voice_actor
402558,井上和彦,voice_actor
402559,倉田雅世,voice_actor
402560,谷昌樹,voice_actor
402561,大島崚,voice_actor
402562,ケロロ軍曹,voice_actor
402563,はらさわ晃綺,voice_actor
402564,赤法師レゾ,voice_actor
402565,叶月绘理乃,voice_actor
402566,今井麻美,voice_actor
402567,夏树リオ,voice_actor
402568,豐永利行,voice_actor
402569,矶部勉,voice_actor
402570,山根希美,voice_actor
402571,河濑茉希,voice_actor
402572,こやまきみこ,voice_actor
402573,雄賀多あや,voice_actor
402574,石橋美佳,voice_actor
402575,加藤和树,voice_actor
402576,高倉有加,voice_actor
402577,市濑秀和,voice_actor
402578,\t水田山葵,voice_actor
402579,Daniel Ingram，  William Kevin Anderson,voice_actor
402580,中村绘里子,voice_actor
402581,丰口惠,voice_actor
402582,伊月唯,voice_actor
402583,上田耀司,voice_actor
402584,本名陽子,voice_actor
402585,绿川 光,voice_actor
402586,户田菜穗,voice_actor
402587,根本圭子,voice_actor
402588,神藤一弘,voice_actor
402589,野田順子、新山志保,voice_actor
402590,铃木琢磨,voice_actor
402591,胜田诗织,voice_actor
402592,伊藤美纪,voice_actor
402593,野村胜人,voice_actor
402594,井上ほの花,voice_actor
402595,上村彩子,voice_actor
402596,Kimeru,voice_actor
402597,奥畑幸典,voice_actor
402598,茶风林,voice_actor
402599,饭冢昭三,voice_actor
402600,矢神久美,voice_actor
402601,森川智之,voice_actor
402602,小山力也、松本さち（少年）,voice_actor
402603,银河万丈,voice_actor
402604,市川太一,voice_actor
402605,丸山咏二,voice_actor
402606,梅原裕一郎,voice_actor
402607,大冢明夫,voice_actor
402608,进藤こころ,voice_actor
402609,中嶋ヒロ、中村繪里子,voice_actor
402610,Ayaka Wlison,voice_actor
402611,西野真人,voice_actor
402612,鈴木絵理,voice_actor
402613,川澄绫子,voice_actor
402614,山下大輝,voice_actor
402615,三澤紗千香,voice_actor
402616,山﨑美智,voice_actor
402617,ベルナール·アッカ,voice_actor
402618,仲西环,voice_actor
402619,大地葉,voice_actor
402620,于硕,voice_actor
402621,GOBLIN,voice_actor
402622,近藤隆\r,voice_actor
402623,上村佑翔,voice_actor
402624,高尾雪,voice_actor
402625,阿澄佳奈,voice_actor
402626,日野聡,voice_actor
402627,長縄まりあ,voice_actor
402628,Ashleigh Ball,voice_actor
402629,逢坂良太,voice_actor
402630,小笠原亜里沙,voice_actor
402631,绿川光,voice_actor
402632,仲谷明香,voice_actor
402633,渡边美佐,voice_actor
402634,寺岛拓笃,voice_actor
402635,大西沙织,voice_actor
402636,野島昭生、泰勇気,voice_actor
402637,平野正人,voice_actor
402638,内藤有海,voice_actor
402639,池辺久美子,voice_actor
402640,千葉進歩,voice_actor
402641,富樫美鈴,voice_actor
402642,赤崎千夏,voice_actor
402643,仲村香织,voice_actor
402644,広瀬すず,voice_actor
402645,鱼建,voice_actor
402646,志村由美,voice_actor
402647,宫下荣治,voice_actor
402648,島形麻衣奈,voice_actor
402649,金光宣明,voice_actor
402650,香里奈、堀江由衣,voice_actor
402651,藤原啓治、浅野まゆみ,voice_actor
402652,雨宮侑布,voice_actor
402653,渡辺久美子,voice_actor
402654,森川智之、恒松あゆみ,voice_actor
402655,榎本温子,voice_actor
402656,花田光,voice_actor
402657,小山力也、神谷浩史,voice_actor
402658,神崎ちろ,voice_actor
402659,旁白,voice_actor
402660,三好晃祐,voice_actor
402661,高森奈津美,voice_actor
402662,愛美,voice_actor
402663,神川莉生,voice_actor
402664,滨野大辉,voice_actor
402665,千葉翔也,voice_actor
402666,惠惠,voice_actor
402667,竹下景子,voice_actor
402668,豐永利行\r,voice_actor
402669,佐佐木莳绘,voice_actor
402670,矢部 雅史,voice_actor
402671,馬場澄江,voice_actor
402672,櫻井浩美,voice_actor
402673,陣内祐平,voice_actor
402674,纳谷悟朗,voice_actor
402675,中村佐恵美,voice_actor
402676,二阶堂有希子,voice_actor
402677,斋贺弥月,voice_actor
402678,金尾哲夫,voice_actor
402679,吐鲁斯,voice_actor
402680,我妻正崇,voice_actor
402681,中村大树,voice_actor
402682,竹本英史,voice_actor
402683,铃木京子,voice_actor
402684,長妻樹里,voice_actor
402685,井上喜久子,voice_actor
402686,池田秀一,voice_actor
402687,松嵜丽,voice_actor
402688,山本亞衣,voice_actor
402689,三上枝織,voice_actor
402690,一条和矢,voice_actor
402691,安济知佳,voice_actor
402692,新海诚,voice_actor
402693,水中雅章,voice_actor
402694,羽多野涉,voice_actor
402695,福原耕平,voice_actor
402696,青木琉璃子,voice_actor
402697,茂呂田かおる,voice_actor
402698,田中理惠,voice_actor
402699,中上育実,voice_actor
402700,小宫有纱,voice_actor
402701,大川 透,voice_actor
402702,置鲇龙太郎,voice_actor
402703,阪脩,voice_actor
402704,加藤優子,voice_actor
402705,西田望見,voice_actor
402706,定岡小百合,voice_actor
402707,织奈,voice_actor
402708,藏合紗恵子,voice_actor
402709,大山鎬則,voice_actor
402710,高塚正也,voice_actor
402711,江原 正士,voice_actor
402712,松岡由貴,voice_actor
402713,佐仓绫音,voice_actor
402714,原史奈,voice_actor
402715,木下あゆ美,voice_actor
402716,太田真一郎,voice_actor
402717,菊池こころ,voice_actor
402718,篠原美,voice_actor
402719,白熊寛嗣,voice_actor
402720,四刀辉彰,voice_actor
402721,菅原淳一,voice_actor
402722,森奈奈子,voice_actor
402723,斧笃,voice_actor
402724,釘宮理恵,voice_actor
402725,松本まりか,voice_actor
402726,畠山豪介,voice_actor
402727,石見舞菜香,voice_actor
402728,吉冈茉祐,voice_actor
402729,葵井歌菜,voice_actor
402730,長島陽香,voice_actor
402731,役所広司,voice_actor
402732,成田紗矢香,voice_actor
402733,高瀬右光,voice_actor
402734,高木礼子,voice_actor
402735,鈴木繪理,voice_actor
402736,阿部彬名,voice_actor
402737,山口ノボル,voice_actor
402738,小嶋一星,voice_actor
402739,草尾毅、梶裕貴,voice_actor
402740,池田胜,voice_actor
402741,方宇,voice_actor
402742,野島裕史、佐藤聡美,voice_actor
402743,木村はるか,voice_actor
402744,山口登,voice_actor
402745,宮浦もも,voice_actor
402746,原奈津子,voice_actor
402747,郑丽丽,voice_actor
402748,岛田敏,voice_actor
402749,斎藤桃子、前野智昭,voice_actor
402750,田中贵子,voice_actor
402751,村井良大,voice_actor
402752,小林清志,voice_actor
402753,川岛得爱,voice_actor
402754,豊永利行、葉山いくみ,voice_actor
402755,Tara Strong,voice_actor
402756,佐藤佑四,voice_actor
402757,佐藤智恵,voice_actor
402758,菊地美香,voice_actor
402759,纳谷六郎,voice_actor
402760,豊田萌絵,voice_actor
402761,柴田由美子,voice_actor
402762,佐佐木健儿,voice_actor
402763,乡里大辅,voice_actor
402764,田中亮一,voice_actor
402765,鲇川丸子,voice_actor
402766,八代拓,voice_actor
402767,神代知衣,voice_actor
402768,小市真琴,voice_actor
402769,大倉孝二,voice_actor
402770,中岛麻実,voice_actor
402771,内田夕夜,voice_actor
402772,佐武宇绮,voice_actor
402773,伊倉一恵,voice_actor
402774,泰勇气,voice_actor
402775,松崎しげる,voice_actor
402776,小桜エツ子,voice_actor
402777,屋良 有作,voice_actor
402778,丰崎爱生,voice_actor
402779,中野裕斗,voice_actor
402780,小林由,voice_actor
402781,豊永利行、種﨑敦美,voice_actor
402782,谷井あすか,voice_actor
402783,丑陋幽灵,voice_actor
402784,真柴摩利,voice_actor
402785,小笠原早纪,voice_actor
402786,木村良平,voice_actor
402787,水桥かおり,voice_actor
402788,鬼頭明里、嘉山未紗,voice_actor
402789,木村良平、今瀬未知,voice_actor
402790,松本吉朗,voice_actor
402791,園部啓一,voice_actor
402792,本宫风沙,voice_actor
402793,鈴木達央、村瀬歩,voice_actor
402794,藤田大助,voice_actor
402795,茅原实里,voice_actor
402796,大空直美,voice_actor
402797,上田祐司,voice_actor
402798,松尾铃木,voice_actor
402799,小澤亜李,voice_actor
402800,加藤夏希,voice_actor
402801,中世明日香,voice_actor
402802,岡田加奈子,voice_actor
402803,横尾まり,voice_actor
402804,下和田裕貴,voice_actor
402805,谷山紀章,voice_actor
402806,石井 真,voice_actor
402807,鈴木實里,voice_actor
402808,佐山陽規,voice_actor
402809,島田敏,voice_actor
402810,黑主优姬,voice_actor
402811,杉山紀彰,voice_actor
402812,贯地谷诗穗梨,voice_actor
402813,瀧口順平,voice_actor
402814,川原庆久,voice_actor
402815,日高のり子,voice_actor
402816,さとうあい,voice_actor
402817,宮村優子,voice_actor
402818,阪田伊都,voice_actor
402819,上恭ノ介,voice_actor
402820,五十岚裕美,voice_actor
402821,山崎惠理,voice_actor
402822,堀内賢雄,voice_actor
402823,かわむら拓央,voice_actor
402824,藤翔平,voice_actor
402825,荒川美穂,voice_actor
402826,西井幸人,voice_actor
402827,根谷美智子,voice_actor
402828,山野井仁,voice_actor
402829,田中宏樹,voice_actor
402830,雨森雅司,voice_actor
402831,宫泽正,voice_actor
402832,岡本茉利,voice_actor
402833,屋良有作,voice_actor
402834,神木隆之介,voice_actor
402835,池田恭佑,voice_actor
402836,矶辺万沙子,voice_actor
402837,袁国庆,voice_actor
402838,岩崎博,voice_actor
402839,一龙斋贞友,voice_actor
402840,齐藤佑圭,voice_actor
402841,花輪英司,voice_actor
402842,武藤寿美,voice_actor
402843,水樹奈奈,voice_actor
402844,田边留依,voice_actor
402845,高桥伸也,voice_actor
402846,徳永愛,voice_actor
402847,サエキトモ,voice_actor
402848,知桐京子,voice_actor
402849,稲川英里,voice_actor
402850,飯田浩志,voice_actor
402851,増田俊樹,voice_actor
402852,德本英一郎,voice_actor
402853,高桑満,voice_actor
402854,内川藍維,voice_actor
402855,奥田启人,voice_actor
402856,武内健,voice_actor
402857,石冢运升,voice_actor
402858,大本眞基子,voice_actor
402859,神奈延年,voice_actor
402860,周汉钧,voice_actor
402861,磯辺万沙子,voice_actor
402862,荻野 晴朗,voice_actor
402863,稗田宁宁,voice_actor
402864,真田アサミ,voice_actor
402865,冈本麻弥,voice_actor
402866,古城門志帆,voice_actor
402867,長繩麻理亞,voice_actor
402868,田村睦心、诹访部顺一,voice_actor
402869,石黒千尋,voice_actor
402870,昱头,voice_actor
402871,本多真梨子,voice_actor
402872,龙 岸尾だいすけ,voice_actor
402873,中島沙樹,voice_actor
402874,太田功,voice_actor
402875,北大路绫 久川绫,voice_actor
402876,矢剃直树,voice_actor
402877,Kenji's father,voice_actor
402878,一条康介,voice_actor
402879,沢城みゆき、平田広明,voice_actor
402880,黒河奈美,voice_actor
402881,中川里江,voice_actor
402882,小樱,voice_actor
402883,佐藤節次,voice_actor
402884,斉藤梨絵,voice_actor
402885,坂本真綾,voice_actor
402886,鈴木千尋,voice_actor
402887,仪武祐子,voice_actor
402888,長野佑紀,voice_actor
402889,仲木隆司,voice_actor
402890,白鳥由里,voice_actor
402891,神谷明,voice_actor
402892,新垣樽助,voice_actor
402893,富田貴洋,voice_actor
402894,塩沢兼人,voice_actor
402895,下屋则子,voice_actor
402896,松本秀夫,voice_actor
402897,太田淑子,voice_actor
402898,桃井はるこ,voice_actor
402899,新井田いづみ,voice_actor
402900,安元洋貴,voice_actor
402901,小连杀,voice_actor
402902,あらいしずか,voice_actor
402903,筆村栄心,voice_actor
402904,トム?ファーン,voice_actor
402905,石井真,voice_actor
402906,V17-沐霏,voice_actor
402907,真木よう子,voice_actor
402908,森川智之、藤原啓治,voice_actor
402909,胜地凉,voice_actor
402910,內田直哉,voice_actor
402911,日冈夏海,voice_actor
402912,神原大地,voice_actor
402913,新海诚（导演版） \u002F 铃木千寻（声优版）,voice_actor
402914,泉尚挚,voice_actor
402915,橋本 まい,voice_actor
402916,滝沢久美子,voice_actor
402917,三石琴乃,voice_actor
402918,田中敦子,voice_actor
402919,矶边万沙子,voice_actor
402920,悠木碧,voice_actor
402921,米山あつ子,voice_actor
402922,井上喜久子、冈村明美,voice_actor
402923,花守由美里,voice_actor
402924,千叶纱子,voice_actor
402925,高橋李依,voice_actor
402926,間宮康弘,voice_actor
402927,大地葉、小林直人,voice_actor
402928,柚木涼香、松尾佳子,voice_actor
402929,石野竜三,voice_actor
402930,小杉十郎太,voice_actor
402931,结本ミチル,voice_actor
402932,中原麻衣,voice_actor
402933,大桥彩香,voice_actor
402934,佐藤奏美,voice_actor
402935,堀北真希,voice_actor
402936,寺杣昌紀,voice_actor
402937,村瀨步,voice_actor
402938,关智一,voice_actor
402939,伊井篤史、王国慶,voice_actor
402940,榛名,voice_actor
402941,行成とあ,voice_actor
402942,津田宽治,voice_actor
402943,中山惠里奈,voice_actor
402944,冈林史泰,voice_actor
402945,成濑瑛美,voice_actor
402946,永島由子,voice_actor
402947,冈本绫,voice_actor
402948,板東愛,voice_actor
402949,冈部政明,voice_actor
402950,和田聪宏,voice_actor
402951,松元恵,voice_actor
402952,佐藤日向,voice_actor
402953,竹内顺子,voice_actor
402954,大塚紗英,voice_actor
402955,皆口裕子,voice_actor
402956,风袖,voice_actor
402957,景浦大辅,voice_actor
402958,朴璐美、逢葉まどか,voice_actor
402959,遠藤綾,voice_actor
402960,卞玲瓏,voice_actor
402961,安田陸矢,voice_actor
402962,高橋広樹、宮下栄治,voice_actor
402963,平田广明,voice_actor
402964,清川元梦、浪川大辅,voice_actor
402965,鹿野优以,voice_actor
402966,レベッカ?フォースダット,voice_actor
402967,幕之内一歩,voice_actor
402968,青木瑠璃子,voice_actor
402969,V17-梓汐,voice_actor
402970,杉山纪彰,voice_actor
402971,樱井春名,voice_actor
402972,目黑光佑,voice_actor
402973,鳥丸祐一,voice_actor
402974,秋元羊介,voice_actor
402975,横泽启子,voice_actor
402976,山崎巧,voice_actor
402977,島津冴子,voice_actor
402978,丰嶋真千子,voice_actor
402979,中岛良树,voice_actor
402980,玉川砂记子,voice_actor
402981,野中藍,voice_actor
402982,影山浩宣,voice_actor
402983,川浪葉子,voice_actor
402984,川久保拓司,voice_actor
402985,佐藤聪美,voice_actor
402986,かかずゆみ,voice_actor
402987,横川贵大,voice_actor
402988,TARAKO,voice_actor
402989,古谷徹,voice_actor
402990,忽那汐里,voice_actor
402991,高桥花林,voice_actor
402992,鈴木智晴,voice_actor
402993,遥そら,voice_actor
402994,北村岳子,voice_actor
402995,広田みのる,voice_actor
402996,野村勝人,voice_actor
402997,中田譲治,voice_actor
402998,佐々木祐輔,voice_actor
402999,沢城みゆき,voice_actor
403000,宮田幸季、井上倫宏,voice_actor
403001,松来未祐、中村有岐,voice_actor
403002,中根久美子,voice_actor
403003,北浦実千枝,voice_actor
403004,有田哲平,voice_actor
403005,綠川光,voice_actor
403006,户田惠子,voice_actor
403007,中津真莉,voice_actor
403008,高冈香,voice_actor
403009,室园丈裕,voice_actor
403010,泽城美雪,voice_actor
403011,白石凉子,voice_actor
403012,鸟海浩辅,voice_actor
403013,金谷ヒデユキ,voice_actor
403014,豊永利行,voice_actor
403015,铃木千寻,voice_actor
403016,茂木隆正,voice_actor
403017,上田美由纪,voice_actor
403018,铃木かすみ,voice_actor
403019,古城门志帆,voice_actor
403020,三ツ矢雄二,voice_actor
403021,日高法子、大冢芳忠、上坂堇，竹达彩奈，千叶繁，若本规夫,voice_actor
403022,鹏小胖、昱头,voice_actor
403023,森岛优花,voice_actor
403024,悠木碧\t　　,voice_actor
403025,門田幸子,voice_actor
403026,日向裕罗,voice_actor
403027,市ノ瀬加那,voice_actor
403028,磯崎泉,voice_actor
403029,安済知佳,voice_actor
403030,大須賀純,voice_actor
403031,内田彩,voice_actor
403032,勝生真沙子,voice_actor
403033,谷村美月,voice_actor
403034,鶴岡聡,voice_actor
403035,吉田理保子,voice_actor
403036,市道真央,voice_actor
403037,小清水亜美,voice_actor
403038,サラ?アディエマス,voice_actor
403039,若山晃久,voice_actor
403040,門脇舞以,voice_actor
403041,諏訪彩花,voice_actor
403042,梁田清之,voice_actor
403043,桐本拓哉,voice_actor
403044,加隈亚衣,voice_actor
403045,安田美和,voice_actor
403046,鳥越裕貴,voice_actor
403047,潘 めぐみ,voice_actor
403048,七绪春日,voice_actor
403049,上原あかり,voice_actor
403050,アドレナ?リン,voice_actor
403051,中原麻衣\t　　,voice_actor
403052,Tia,voice_actor
403053,中岛由贵,voice_actor
403054,大谷育江,voice_actor
403055,竹尾步美,voice_actor
403056,矶辺波子,voice_actor
403057,芹泽优,voice_actor
403058,高野直子,voice_actor
403059,林勇,voice_actor
403060,富永みーな,voice_actor
403061,浅沼晋太郎,voice_actor
403062,千葉一伸,voice_actor
403063,佐藤正治,voice_actor
403064,郷里大輔,voice_actor
403065,金井美香,voice_actor
403066,オヤダーマ,voice_actor
403067,堀野纱也加,voice_actor
403068,寿みな?なみ,voice_actor
403069,小林みい,voice_actor
403070,渡辺美佐,voice_actor
403071,小牧 干久,voice_actor
403072,内山夕实,voice_actor
403073,三浦雅子,voice_actor
403074,浅野真澄,voice_actor
403075,高部爱,voice_actor
403076,後藤ヒロキ,voice_actor
403077,増岡弘 \u002F 中曽根雅夫,voice_actor
403078,崛内贤雄,voice_actor
403079,風間杜夫,voice_actor
403080,武虎,voice_actor
403081,小仓结衣,voice_actor
403082,大泽千秋,voice_actor
403083,川平慈英,voice_actor
403084,鹤ひろみ,voice_actor
403085,金田アキ,voice_actor
403086,野田圭一,voice_actor
403087,丸山裕子,voice_actor
403088,小原好美,voice_actor
403089,斎贺みつき,voice_actor
403090,间嶋里美,voice_actor
403091,荻野可铃,voice_actor
403092,原田晃,voice_actor
403093,石井马克,voice_actor
403094,釈由美子,voice_actor
403095,榊原由依,voice_actor
403096,志村知幸 \u002F 东内麻里子,voice_actor
403097,明坂聪美,voice_actor
403098,喜舎场泉,voice_actor
403099,皆川純子,voice_actor
403100,本乡奏多,voice_actor
403101,結城光,voice_actor
403102,吉川由弥,voice_actor
403103,優希比呂,voice_actor
403104,田村ゆかり,voice_actor
403105,金泽舞,voice_actor
403106,森尾由美,voice_actor
403107,小松未可子、梶裕貴,voice_actor
403108,宮内敦士,voice_actor
403109,黒柳亮,voice_actor
403110,森田千明,voice_actor
403111,永田彬,voice_actor
403112,土井真理,voice_actor
403113,藤新,voice_actor
403114,兴梠里美,voice_actor
403115,上田瞳,voice_actor
403116,須藤菜々子,voice_actor
403117,ゆりん,voice_actor
403118,神谷浩史,voice_actor
403119,江口菜子,voice_actor
403120,鳳芳野,voice_actor
403121,井藤ノノハ,voice_actor
403122,小尾元政,voice_actor
403123,植田圭輔,voice_actor
403124,田島令子,voice_actor
403125,萩野崇,voice_actor
403126,河野智之,voice_actor
403127,樹元オリエ,voice_actor
403128,増田ゆき,voice_actor
403129,高田憂希,voice_actor
403130,绪方恵美,voice_actor
403131,佐久間レイ,voice_actor
403132,佐藤节次,voice_actor
403133,岩畔祐希,voice_actor
403134,倖月美和,voice_actor
403135,萩原圣人,voice_actor
403136,タンゲリヌス,voice_actor
403137,斉藤茂一,voice_actor
403138,菊池英博,voice_actor
403139,松尾絵那,voice_actor
403140,今濑未知,voice_actor
403141,和久井優,voice_actor
403142,やぶさきえみ,voice_actor
403143,鈴木真仁,voice_actor
403144,加藤将之,voice_actor
403145,大泉洋,voice_actor
403146,山本龙马,voice_actor
403147,天龙源一郎,voice_actor
403148,楠日向（猴子ver.）\u002F山下大辉（少年ver.）,voice_actor
403149,菅生隆之,voice_actor
403150,平野 綾,voice_actor
403151,杨威利,voice_actor
403152,宮崎あおい、染谷将太,voice_actor
403153,橋本千波,voice_actor
403154,川澄綾子,voice_actor
403155,岩桥由佳,voice_actor
403156,小野友樹、鷄冠井美智子,voice_actor
403157,大平峻也,voice_actor
403158,高槻加奈子,voice_actor
403159,DHX Media\u002FVancouver Hasbro Studios,voice_actor
403160,伊藤かな惠,voice_actor
403161,DAIGO,voice_actor
403162,高野麻里佳,voice_actor
403163,松坂桃李,voice_actor
403164,松田るか,voice_actor
403165,河原木志穗,voice_actor
403166,桃井晴子,voice_actor
403167,吉住梢,voice_actor
403168,久川绫,voice_actor
403169,田中秀幸,voice_actor
403170,井上雄贵,voice_actor
403171,金月真美,voice_actor
403172,兴津和幸,voice_actor
403173,内田愛美,voice_actor
403174,星野佐登美,voice_actor
403175,田所ちさ,voice_actor
403176,千葉紗子,voice_actor
403177,都丸千代,voice_actor
403178,渡辺菜生子,voice_actor
403179,滨田贤二,voice_actor
403180,大谷美贵,voice_actor
403181,沖佳苗,voice_actor
403182,比上孝浩,voice_actor
403183,影山燈,voice_actor
403184,富山敬,voice_actor
403185,羽鸟慎一,voice_actor
403186,斎藤志郎,voice_actor
403187,鹿野優以,voice_actor
403188,中村浩太郎,voice_actor
403189,中村橋之助,voice_actor
403190,石川英郎,voice_actor
403191,鈴村健一,voice_actor
403192,瀧本富士子,voice_actor
403193,津久井教生,voice_actor
403194,永泽菜教,voice_actor
403195,高橋美佳子,voice_actor
403196,堂坂晃三,voice_actor
403197,前田刚,voice_actor
403198,石田嘉代,voice_actor
403199,田村由加莉,voice_actor
403200,三戸耕三,voice_actor
403201,白井悠介,voice_actor
403202,永井幸子,voice_actor
403203,黑石稔,voice_actor
403204,海老名翔太,voice_actor
403205,上坂堇,voice_actor
403206,山本和臣,voice_actor
403207,茅野愛衣,voice_actor
403208,平川大辅\r,voice_actor
403209,大木民夫,voice_actor
403210,五十嵐麗,voice_actor
403211,桃河りか,voice_actor
403212,天津向,voice_actor
403213,ATM-09-ST,voice_actor
403214,橋本ちなみ,voice_actor
403215,中道美穂子,voice_actor
403216,矢部雅史,voice_actor
403217,小野友树,voice_actor
403218,佐佐木敏,voice_actor
403219,麻倉もも,voice_actor
403220,李璐,voice_actor
403221,渊崎有里子,voice_actor
403222,佐佐木喜英,voice_actor
403223,フユキ,voice_actor
403224,藤村鼓乃美,voice_actor
403225,立木文彦,voice_actor
403226,齊藤壯馬,voice_actor
403227,南央美,voice_actor
403228,石原舞,voice_actor
403229,天野ひろゆき（キャイ～ン）,voice_actor
403230,小林优,voice_actor
403231,桑岛法子,voice_actor
403232,姉ヶ崎妙,voice_actor
403233,朴璐美、浪川大輔,voice_actor
403234,玉川纱已子,voice_actor
403235,葛城七穂,voice_actor
403236,深見梨加,voice_actor
403237,玉川纱己子,voice_actor
403238,大龟明日香,voice_actor
403239,荻原秀树,voice_actor
403240,松田飒水,voice_actor
403241,松本大,voice_actor
403242,綱掛裕美,voice_actor
403243,萨贡,voice_actor
403244,间岛淳司,voice_actor
403245,寺岛惇太,voice_actor
403246,代永翼,voice_actor
403247,長谷有洋,voice_actor
403248,千秋,voice_actor
403249,樱井孝宏、斋藤千和,voice_actor
403250,國立幸,voice_actor
403251,木内秀信、下崎紘史、石嶋久仁子,voice_actor
403252,宫崎葵,voice_actor
403253,一柳信,voice_actor
403254,生天目仁美,voice_actor
403255,津村真琴,voice_actor
403256,民安ともえ,voice_actor
403257,行成桃姬,voice_actor
403258,水樹洵,voice_actor
403259,丹泽晃之,voice_actor
403260,水沢史絵,voice_actor
403261,味里,voice_actor
403262,村瀬歩,voice_actor
403263,喜安浩平,voice_actor
403264,佐久间丽,voice_actor
403265,松野太紀,voice_actor
403266,土屋神葉,voice_actor
403267,土屋アンナ、朴璐美,voice_actor
403268,ひと美,voice_actor
403269,纱ゆり,voice_actor
403270,勝田久,voice_actor
403271,具志堅用高,voice_actor
403272,斉藤壮馬,voice_actor
403273,丸山优子,voice_actor
403274,苍井翔太,voice_actor
403275,高木美佑,voice_actor
403276,川崎惠理子,voice_actor
403277,茂吕田香,voice_actor
403278,Toshi,voice_actor
403279,篠原恵美,voice_actor
403280,杉本ゆう,voice_actor
403281,喜多田悠、藤沼建人、財満健太,voice_actor
403282,木村まどか,voice_actor
403283,枸雅阿几,voice_actor
403284,田中あいみ,voice_actor
403285,椎橋和義,voice_actor
403286,中川慶一,voice_actor
403287,堀内贤雄,voice_actor
403288,青柳尊哉,voice_actor
403289,鷹森淑乃,voice_actor
403290,清水香里,voice_actor
403291,浅倉杏美,voice_actor
403292,スモーキー?テツニ,voice_actor
403293,长绳まりあ,voice_actor
403294,野沢那智,voice_actor
403295,川原慶久,voice_actor
403296,吉岡茉祐,voice_actor
403297,卞云鹏,voice_actor
403298,並木法子\r,voice_actor
403299,宫泽正之,voice_actor
403300,潘惠美,voice_actor
403301,村井雄治,voice_actor
403302,阪口周平,voice_actor
403303,田中伸幸,voice_actor
403304,前田忧佳,voice_actor
403305,日比野朱里,voice_actor
403306,一條和矢,voice_actor
403307,三上哲,voice_actor
403308,宮下栄治,voice_actor
403309,恵比寿まさ子,voice_actor
403310,伊藤かな恵,voice_actor
403311,金沢映子,voice_actor
403312,松来未佑,voice_actor
403313,菊地祥子,voice_actor
403314,増谷康纪,voice_actor
403315,石井智也,voice_actor
403316,一龍斎貞友,voice_actor
403317,福绪唯,voice_actor
403318,川崎真央,voice_actor
403319,栗田貫一,voice_actor
403320,樋口智透,voice_actor
403321,小狼,voice_actor
403322,嶋村侑,voice_actor
403323,橘田泉,voice_actor
403324,榊原ゆい,voice_actor
403325,飯田友子,voice_actor
403326,田中凉子,voice_actor
403327,睦五朗,voice_actor
403328,高田祐司,voice_actor
403329,平松晶子,voice_actor
403330,雨宫雅玲,voice_actor
403331,泰勇氣,voice_actor
403332,嶺內知美,voice_actor
403333,彰,voice_actor
403334,伊藤節生,voice_actor
403335,黒田崇矢,voice_actor
403336,大川透,voice_actor
403337,新妻圣子,voice_actor
403338,寺門仁美,voice_actor
403339,大浦冬华、石田彰,voice_actor
403340,島袋美由利,voice_actor
403341,伊濑茉莉也,voice_actor
403342,松岡文雄,voice_actor
403343,小林桂,voice_actor
403344,小田靜枝,voice_actor
403345,宮寺智子,voice_actor
403346,小林沙苗,voice_actor
403347,丰田萌绘,voice_actor
403348,溝口琢矢,voice_actor
403349,小松由佳,voice_actor
403350,龟娘,voice_actor
403351,久保田未梦,voice_actor
403352,野泽雅子,voice_actor
403353,松冈祯丞,voice_actor
403354,石野龙三,voice_actor
403355,桑原由気,voice_actor
403356,金元寿子,voice_actor
403357,野田博史,voice_actor
403358,Pile,voice_actor
403359,木戸衣吹,voice_actor
403360,入野自由、木内秀信,voice_actor
403361,速水龍一,voice_actor
403362,小野早稀,voice_actor
403363,原由实,voice_actor
403364,菊地瞳,voice_actor
403365,石松千恵美,voice_actor
403366,石塚運昇、戸田恵子,voice_actor
403367,远藤祐里香,voice_actor
403368,最上嗣生,voice_actor
403369,岩永哲哉、平松晶子,voice_actor
403370,森田成一,voice_actor
403371,福原绫香,voice_actor
403372,松藤里奈,voice_actor
403373,堀越真己,voice_actor
403374,安野希世乃,voice_actor
403375,土岐隼一,voice_actor
403376,広中雅志,voice_actor
403377,関根明良,voice_actor
403378,拉普拉斯,voice_actor
403379,うすいたかやす,voice_actor
403380,池田勝,voice_actor
403381,山本彩乃,voice_actor
403382,修,voice_actor
403383,田中ちえ美,voice_actor
403384,斧アツシ,voice_actor
403385,大水忠相,voice_actor
403386,香里有佐,voice_actor
403387,平川大輔,voice_actor
403388,福山潤、悠木碧,voice_actor
403389,富田耕生,voice_actor
403390,鸟畑洋人,voice_actor
403391,雪乃五月,voice_actor
403392,藤田茜,voice_actor
403393,ならはしみき,voice_actor
403394,斋藤桃子 ちよこ,voice_actor
403395,松尾佳子,voice_actor
403396,荒卷大辅,voice_actor
403397,中尾隆圣,voice_actor
403398,铃木麻里子,voice_actor
403399,周防玲子,voice_actor
403400,原田彩枫,voice_actor
403401,川边俊介,voice_actor
403402,Eric Vale,voice_actor
403403,涉谷茂,voice_actor
403404,渡部猛,voice_actor
403405,野水伊织,voice_actor
403406,小霞,voice_actor
403407,清水愛,voice_actor
403408,天田益男,voice_actor
403409,大塚明夫,voice_actor
403410,宮野真守、甲斐田ゆき,voice_actor
403411,塩屋浩三,voice_actor
403412,大林隆介,voice_actor
403413,川原礫,voice_actor
403414,近藤好美、尾上绫华,voice_actor
403415,衣川里佳,voice_actor
403416,木勇気,voice_actor
403417,尼尔瓦修,voice_actor
403418,早志勇紀,voice_actor
403419,石馆光太郎,voice_actor
403420,福田麻由子,voice_actor
403421,小林优\t　　,voice_actor
403422,野島健兒,voice_actor
403423,山口健,voice_actor
403424,ブリドカットセーラ恵美,voice_actor
403425,中田让治,voice_actor
403426,木村昂,voice_actor
403427,竹若拓磨,voice_actor
403428,小松史法,voice_actor
403429,加濑康之,voice_actor
403430,桑野晃辅,voice_actor
403431,南里侑香、松永真穂,voice_actor
403432,富坚美铃,voice_actor
403433,坂本千夏,voice_actor
403434,井澤美香子,voice_actor
403435,山本匠马,voice_actor
403436,羽多野渉,voice_actor
403437,新井良平,voice_actor
403438,濑名快伸,voice_actor
403439,原荣里子,voice_actor
403440,小森创介,voice_actor
403441,藤原夏海,voice_actor
403442,伊仓一恵,voice_actor
403443,谷山纪章,voice_actor
403444,有島モユ,voice_actor
403445,天神英贵,voice_actor
403446,岸尾だいすけ,voice_actor
403447,千叶耕市,voice_actor
403448,宮下雄也,voice_actor
403449,Steven Blum,voice_actor
403450,V17-Kiyo,voice_actor
403451,松井惠理子,voice_actor
403452,松谷彼哉,voice_actor
403453,上别府仁资,voice_actor
403454,增川洋一,voice_actor
403455,富田麻帆,voice_actor
403456,雪深山福子,voice_actor
403457,高橋広司,voice_actor
403458,平山笑美,voice_actor
403459,石村知子,voice_actor
403460,曹冀鲁,voice_actor
403461,山口愛,voice_actor
403462,相坂优歌,voice_actor
403463,吉田仁美,voice_actor
403464,石塚運昇,voice_actor
403465,菅原正志,voice_actor
403466,松山 鹰志,voice_actor
403467,佐藤健輔,voice_actor
403468,立花理香,voice_actor
403469,柿原彻也,voice_actor
403470,氷青,voice_actor
403471,柏木由纪,voice_actor
403472,京田尚子,voice_actor
403473,穴户留美,voice_actor
403474,Frogman,voice_actor
403475,寺田春日,voice_actor
403476,水桥 かおり,voice_actor
403477,荒木宏文,voice_actor
403478,仲间由纪惠,voice_actor
403479,柿原徹也,voice_actor
403480,板垣学,voice_actor
403481,长泽美树,voice_actor
403482,中村悠一,voice_actor
403483,宫本克哉,voice_actor
403484,高本めぐみ,voice_actor
403485,日比爱子,voice_actor
403486,托马斯·德克森(阿福),voice_actor
403487,流山児祥,voice_actor
403488,植田圭辅,voice_actor
403489,沢海陽子,voice_actor
403490,山岸功,voice_actor
403491,中澤まさとも,voice_actor
403492,浅仓杏美,voice_actor
403493,佐佐木未来,voice_actor
403494,丰口惠美,voice_actor
403495,武内骏辅,voice_actor
403496,结城比吕,voice_actor
403497,折笠富美子,voice_actor
403498,濱野大輝,voice_actor
403499,并木法子,voice_actor
403500,田之中勇,voice_actor
403501,神代岬,voice_actor
403502,大泽隆夫,voice_actor
403503,速水奖,voice_actor
403504,谷速人,voice_actor
403505,猫田銀八,voice_actor
403506,永野善一,voice_actor
403507,今野宏美,voice_actor
403508,下崎紘史,voice_actor
403509,真田アサミ、小林由美子、坂本千夏、矢部雅史、新井里美、明坂聡美,voice_actor
403510,下野紘,voice_actor
403511,山口眞弓,voice_actor
403512,安達勇人,voice_actor
403513,坂井真紀,voice_actor
403514,石谷春贵,voice_actor
403515,寺田御子,voice_actor
403516,V17-十四,voice_actor
403517,铃木玲子,voice_actor
403518,浅野るり,voice_actor
403519,坂口芳贞,voice_actor
403520,荘真由美,voice_actor
403521,須藤沙織,voice_actor
403522,椎名碧流,voice_actor
403523,黑泽知叶,voice_actor
403524,藤卷勇威,voice_actor
403525,杨默,voice_actor
403526,松尾翠（富士电视台广播员）,voice_actor
403527,千菅 春香,voice_actor
403528,石井康嗣,voice_actor
403529,井浦爱,voice_actor
403530,近藤佳奈子,voice_actor
403531,杉山里穗,voice_actor
403532,長村航希,voice_actor
403533,染谷俊,voice_actor
403534,渡辺明乃、宮野真守,voice_actor
403535,幸田夏穂,voice_actor
403536,篠原侑,voice_actor
403537,こおろぎさとみ,voice_actor
403538,岩崎ひろし,voice_actor
403539,长谷川芳明,voice_actor
403540,明坂聡美,voice_actor
403541,阪田佳代,voice_actor
403542,庄司将之,voice_actor
403543,大坪由佳,voice_actor
403544,折笠富美子、小山茉美,voice_actor
403545,山冈百合,voice_actor
403546,Daniel Tosh,voice_actor
403547,西村知道,voice_actor
403548,间宫康弘,voice_actor
403549,落合弘治,voice_actor
403550,小西大樹,voice_actor
403551,宇乃音亜季,voice_actor
403552,おみむらまゆこ,voice_actor
403553,仙台惠理,voice_actor
403554,村川梨衣,voice_actor
403555,木岛隆一,voice_actor
403556,吴磊,voice_actor
403557,樱井孝宏\r,voice_actor
403558,奈良彻,voice_actor
403559,月宮みどり,voice_actor
403560,本渡楓,voice_actor
403561,木村彩由实,voice_actor
403562,バチェラ,voice_actor
403563,加藤奈奈绘、伊藤容次,voice_actor
403564,堀江由衣,voice_actor
403565,佐倉綾音,voice_actor
403566,華山梨彩,voice_actor
403567,石川界人,voice_actor
403568,戸田めぐみ,voice_actor
403569,あおきさやか,voice_actor
403570,礒部花凜,voice_actor
403571,吉谷彩子,voice_actor
403572,菅沼久義,voice_actor
403573,大西沙織,voice_actor
403574,田丸笃志,voice_actor
403575,宮野真守,voice_actor
403576,笠木泉,voice_actor
403577,井上瑤,voice_actor
403578,宮田幸季,voice_actor
403579,伊藤秀樹、山田起生,voice_actor
403580,白石幸长,voice_actor
403581,三村有己,voice_actor
403582,天使真央,voice_actor
403583,政宗一成,voice_actor
403584,松井恵理子,voice_actor
403585,中島千里,voice_actor
403586,竹内都子,voice_actor
403587,植田千寻,voice_actor
